scenario,split,date,train_start,train_end,n_train,actual,model,feature_set,prediction
full_period,development,2021-01-01,2016-01-01,2020-12-01,60,9035,last_month,benchmark,11893
full_period,development,2021-01-01,2016-01-01,2020-12-01,60,9035,seasonal_naive,benchmark,1030497
full_period,development,2021-01-01,2016-01-01,2020-12-01,60,9035,ridge_log,history,21413.77436
full_period,development,2021-01-01,2016-01-01,2020-12-01,60,9035,random_forest_log,history,13283.81811
full_period,development,2021-01-01,2016-01-01,2020-12-01,60,9035,hist_gradient_boosting_log,history,225310.1706
full_period,development,2021-01-01,2016-01-01,2020-12-01,60,9035,ridge_log,history_fx,19223.28543
full_period,development,2021-01-01,2016-01-01,2020-12-01,60,9035,random_forest_log,history_fx,13477.43126
full_period,development,2021-01-01,2016-01-01,2020-12-01,60,9035,hist_gradient_boosting_log,history_fx,151533.1429
full_period,development,2021-01-01,2016-01-01,2020-12-01,60,9035,ridge_log,history_interest,11027.31433
full_period,development,2021-01-01,2016-01-01,2020-12-01,60,9035,random_forest_log,history_interest,12980.84907
full_period,development,2021-01-01,2016-01-01,2020-12-01,60,9035,hist_gradient_boosting_log,history_interest,32881.72247
full_period,development,2021-01-01,2016-01-01,2020-12-01,60,9035,ridge_log,all_signals,15262.76569
full_period,development,2021-01-01,2016-01-01,2020-12-01,60,9035,random_forest_log,all_signals,13408.88142
full_period,development,2021-01-01,2016-01-01,2020-12-01,60,9035,hist_gradient_boosting_log,all_signals,26508.40029
full_period,development,2021-02-01,2016-01-01,2021-01-01,61,8500,last_month,benchmark,9035
full_period,development,2021-02-01,2016-01-01,2021-01-01,61,8500,seasonal_naive,benchmark,503976
full_period,development,2021-02-01,2016-01-01,2021-01-01,61,8500,ridge_log,history,23248.03858
full_period,development,2021-02-01,2016-01-01,2021-01-01,61,8500,random_forest_log,history,11270.06107
full_period,development,2021-02-01,2016-01-01,2021-01-01,61,8500,hist_gradient_boosting_log,history,128756.1632
full_period,development,2021-02-01,2016-01-01,2021-01-01,61,8500,ridge_log,history_fx,13950.79782
full_period,development,2021-02-01,2016-01-01,2021-01-01,61,8500,random_forest_log,history_fx,11674.26556
full_period,development,2021-02-01,2016-01-01,2021-01-01,61,8500,hist_gradient_boosting_log,history_fx,82160.29452
full_period,development,2021-02-01,2016-01-01,2021-01-01,61,8500,ridge_log,history_interest,8339.386332
full_period,development,2021-02-01,2016-01-01,2021-01-01,61,8500,random_forest_log,history_interest,12276.30439
full_period,development,2021-02-01,2016-01-01,2021-01-01,61,8500,hist_gradient_boosting_log,history_interest,21336.81891
full_period,development,2021-02-01,2016-01-01,2021-01-01,61,8500,ridge_log,all_signals,10988.71447
full_period,development,2021-02-01,2016-01-01,2021-01-01,61,8500,random_forest_log,all_signals,12392.3303
full_period,development,2021-02-01,2016-01-01,2021-01-01,61,8500,hist_gradient_boosting_log,all_signals,18841.3601
full_period,development,2021-03-01,2016-01-01,2021-02-01,62,11169,last_month,benchmark,8500
full_period,development,2021-03-01,2016-01-01,2021-02-01,62,11169,seasonal_naive,benchmark,31497
full_period,development,2021-03-01,2016-01-01,2021-02-01,62,11169,ridge_log,history,19554.0021
full_period,development,2021-03-01,2016-01-01,2021-02-01,62,11169,random_forest_log,history,9977.033909
full_period,development,2021-03-01,2016-01-01,2021-02-01,62,11169,hist_gradient_boosting_log,history,85423.38634
full_period,development,2021-03-01,2016-01-01,2021-02-01,62,11169,ridge_log,history_fx,11309.26701
full_period,development,2021-03-01,2016-01-01,2021-02-01,62,11169,random_forest_log,history_fx,10647.44116
full_period,development,2021-03-01,2016-01-01,2021-02-01,62,11169,hist_gradient_boosting_log,history_fx,56969.16713
full_period,development,2021-03-01,2016-01-01,2021-02-01,62,11169,ridge_log,history_interest,6305.379427
full_period,development,2021-03-01,2016-01-01,2021-02-01,62,11169,random_forest_log,history_interest,9413.204542
full_period,development,2021-03-01,2016-01-01,2021-02-01,62,11169,hist_gradient_boosting_log,history_interest,15315.22214
full_period,development,2021-03-01,2016-01-01,2021-02-01,62,11169,ridge_log,all_signals,8302.279655
full_period,development,2021-03-01,2016-01-01,2021-02-01,62,11169,random_forest_log,all_signals,9522.660366
full_period,development,2021-03-01,2016-01-01,2021-02-01,62,11169,hist_gradient_boosting_log,all_signals,14859.24516
full_period,development,2021-04-01,2016-01-01,2021-03-01,63,11492,last_month,benchmark,11169
full_period,development,2021-04-01,2016-01-01,2021-03-01,63,11492,seasonal_naive,benchmark,5135
full_period,development,2021-04-01,2016-01-01,2021-03-01,63,11492,ridge_log,history,16311.48316
full_period,development,2021-04-01,2016-01-01,2021-03-01,63,11492,random_forest_log,history,9988.418651
full_period,development,2021-04-01,2016-01-01,2021-03-01,63,11492,hist_gradient_boosting_log,history,40391.66997
full_period,development,2021-04-01,2016-01-01,2021-03-01,63,11492,ridge_log,history_fx,12616.56733
full_period,development,2021-04-01,2016-01-01,2021-03-01,63,11492,random_forest_log,history_fx,11093.02017
full_period,development,2021-04-01,2016-01-01,2021-03-01,63,11492,hist_gradient_boosting_log,history_fx,37756.82248
full_period,development,2021-04-01,2016-01-01,2021-03-01,63,11492,ridge_log,history_interest,7198.920666
full_period,development,2021-04-01,2016-01-01,2021-03-01,63,11492,random_forest_log,history_interest,10437.7688
full_period,development,2021-04-01,2016-01-01,2021-03-01,63,11492,hist_gradient_boosting_log,history_interest,13498.58369
full_period,development,2021-04-01,2016-01-01,2021-03-01,63,11492,ridge_log,all_signals,7637.772763
full_period,development,2021-04-01,2016-01-01,2021-03-01,63,11492,random_forest_log,all_signals,10596.98464
full_period,development,2021-04-01,2016-01-01,2021-03-01,63,11492,hist_gradient_boosting_log,all_signals,13994.48027
full_period,development,2021-05-01,2016-01-01,2021-04-01,64,15381,last_month,benchmark,11492
full_period,development,2021-05-01,2016-01-01,2021-04-01,64,15381,seasonal_naive,benchmark,6111
full_period,development,2021-05-01,2016-01-01,2021-04-01,64,15381,ridge_log,history,14932.79794
full_period,development,2021-05-01,2016-01-01,2021-04-01,64,15381,random_forest_log,history,10696.68555
full_period,development,2021-05-01,2016-01-01,2021-04-01,64,15381,hist_gradient_boosting_log,history,28888.43635
full_period,development,2021-05-01,2016-01-01,2021-04-01,64,15381,ridge_log,history_fx,17759.36231
full_period,development,2021-05-01,2016-01-01,2021-04-01,64,15381,random_forest_log,history_fx,11172.69227
full_period,development,2021-05-01,2016-01-01,2021-04-01,64,15381,hist_gradient_boosting_log,history_fx,52988.29204
full_period,development,2021-05-01,2016-01-01,2021-04-01,64,15381,ridge_log,history_interest,9494.932713
full_period,development,2021-05-01,2016-01-01,2021-04-01,64,15381,random_forest_log,history_interest,10748.02791
full_period,development,2021-05-01,2016-01-01,2021-04-01,64,15381,hist_gradient_boosting_log,history_interest,12935.90058
full_period,development,2021-05-01,2016-01-01,2021-04-01,64,15381,ridge_log,all_signals,10323.2154
full_period,development,2021-05-01,2016-01-01,2021-04-01,64,15381,random_forest_log,all_signals,10862.13543
full_period,development,2021-05-01,2016-01-01,2021-04-01,64,15381,hist_gradient_boosting_log,all_signals,12595.83701
full_period,development,2021-06-01,2016-01-01,2021-05-01,65,17847,last_month,benchmark,15381
full_period,development,2021-06-01,2016-01-01,2021-05-01,65,17847,seasonal_naive,benchmark,9744
full_period,development,2021-06-01,2016-01-01,2021-05-01,65,17847,ridge_log,history,15143.94228
full_period,development,2021-06-01,2016-01-01,2021-05-01,65,17847,random_forest_log,history,10848.96423
full_period,development,2021-06-01,2016-01-01,2021-05-01,65,17847,hist_gradient_boosting_log,history,27073.47759
full_period,development,2021-06-01,2016-01-01,2021-05-01,65,17847,ridge_log,history_fx,22420.45664
full_period,development,2021-06-01,2016-01-01,2021-05-01,65,17847,random_forest_log,history_fx,11539.12697
full_period,development,2021-06-01,2016-01-01,2021-05-01,65,17847,hist_gradient_boosting_log,history_fx,36276.86235
full_period,development,2021-06-01,2016-01-01,2021-05-01,65,17847,ridge_log,history_interest,8451.803492
full_period,development,2021-06-01,2016-01-01,2021-05-01,65,17847,random_forest_log,history_interest,10760.50772
full_period,development,2021-06-01,2016-01-01,2021-05-01,65,17847,hist_gradient_boosting_log,history_interest,12203.14334
full_period,development,2021-06-01,2016-01-01,2021-05-01,65,17847,ridge_log,all_signals,11364.68929
full_period,development,2021-06-01,2016-01-01,2021-05-01,65,17847,random_forest_log,all_signals,10604.23325
full_period,development,2021-06-01,2016-01-01,2021-05-01,65,17847,hist_gradient_boosting_log,all_signals,12412.1172
full_period,development,2021-07-01,2016-01-01,2021-06-01,66,20297,last_month,benchmark,17847
full_period,development,2021-07-01,2016-01-01,2021-06-01,66,20297,seasonal_naive,benchmark,12732
full_period,development,2021-07-01,2016-01-01,2021-06-01,66,20297,ridge_log,history,15728.97567
full_period,development,2021-07-01,2016-01-01,2021-06-01,66,20297,random_forest_log,history,13923.91749
full_period,development,2021-07-01,2016-01-01,2021-06-01,66,20297,hist_gradient_boosting_log,history,25324.92465
full_period,development,2021-07-01,2016-01-01,2021-06-01,66,20297,ridge_log,history_fx,25502.66701
full_period,development,2021-07-01,2016-01-01,2021-06-01,66,20297,random_forest_log,history_fx,15079.56465
full_period,development,2021-07-01,2016-01-01,2021-06-01,66,20297,hist_gradient_boosting_log,history_fx,44057.12123
full_period,development,2021-07-01,2016-01-01,2021-06-01,66,20297,ridge_log,history_interest,8909.793871
full_period,development,2021-07-01,2016-01-01,2021-06-01,66,20297,random_forest_log,history_interest,13869.45283
full_period,development,2021-07-01,2016-01-01,2021-06-01,66,20297,hist_gradient_boosting_log,history_interest,12288.68993
full_period,development,2021-07-01,2016-01-01,2021-06-01,66,20297,ridge_log,all_signals,14883.35998
full_period,development,2021-07-01,2016-01-01,2021-06-01,66,20297,random_forest_log,all_signals,14010.22096
full_period,development,2021-07-01,2016-01-01,2021-06-01,66,20297,hist_gradient_boosting_log,all_signals,13412.74223
full_period,development,2021-08-01,2016-01-01,2021-07-01,67,18452,last_month,benchmark,20297
full_period,development,2021-08-01,2016-01-01,2021-07-01,67,18452,seasonal_naive,benchmark,8634
full_period,development,2021-08-01,2016-01-01,2021-07-01,67,18452,ridge_log,history,16569.2134
full_period,development,2021-08-01,2016-01-01,2021-07-01,67,18452,random_forest_log,history,16344.42823
full_period,development,2021-08-01,2016-01-01,2021-07-01,67,18452,hist_gradient_boosting_log,history,17337.43776
full_period,development,2021-08-01,2016-01-01,2021-07-01,67,18452,ridge_log,history_fx,23190.17921
full_period,development,2021-08-01,2016-01-01,2021-07-01,67,18452,random_forest_log,history_fx,17937.02263
full_period,development,2021-08-01,2016-01-01,2021-07-01,67,18452,hist_gradient_boosting_log,history_fx,24132.20044
full_period,development,2021-08-01,2016-01-01,2021-07-01,67,18452,ridge_log,history_interest,13694.12123
full_period,development,2021-08-01,2016-01-01,2021-07-01,67,18452,random_forest_log,history_interest,17721.91262
full_period,development,2021-08-01,2016-01-01,2021-07-01,67,18452,hist_gradient_boosting_log,history_interest,12631.23054
full_period,development,2021-08-01,2016-01-01,2021-07-01,67,18452,ridge_log,all_signals,18194.94798
full_period,development,2021-08-01,2016-01-01,2021-07-01,67,18452,random_forest_log,all_signals,17548.69227
full_period,development,2021-08-01,2016-01-01,2021-07-01,67,18452,hist_gradient_boosting_log,all_signals,12820.51967
full_period,development,2021-09-01,2016-01-01,2021-08-01,68,19611,last_month,benchmark,18452
full_period,development,2021-09-01,2016-01-01,2021-08-01,68,19611,seasonal_naive,benchmark,10619
full_period,development,2021-09-01,2016-01-01,2021-08-01,68,19611,ridge_log,history,16847.96159
full_period,development,2021-09-01,2016-01-01,2021-08-01,68,19611,random_forest_log,history,17757.23886
full_period,development,2021-09-01,2016-01-01,2021-08-01,68,19611,hist_gradient_boosting_log,history,16076.65443
full_period,development,2021-09-01,2016-01-01,2021-08-01,68,19611,ridge_log,history_fx,20297.35757
full_period,development,2021-09-01,2016-01-01,2021-08-01,68,19611,random_forest_log,history_fx,17596.89728
full_period,development,2021-09-01,2016-01-01,2021-08-01,68,19611,hist_gradient_boosting_log,history_fx,16855.25032
full_period,development,2021-09-01,2016-01-01,2021-08-01,68,19611,ridge_log,history_interest,15666.54908
full_period,development,2021-09-01,2016-01-01,2021-08-01,68,19611,random_forest_log,history_interest,18244.6487
full_period,development,2021-09-01,2016-01-01,2021-08-01,68,19611,hist_gradient_boosting_log,history_interest,12560.23126
full_period,development,2021-09-01,2016-01-01,2021-08-01,68,19611,ridge_log,all_signals,17293.31125
full_period,development,2021-09-01,2016-01-01,2021-08-01,68,19611,random_forest_log,all_signals,18040.13351
full_period,development,2021-09-01,2016-01-01,2021-08-01,68,19611,hist_gradient_boosting_log,all_signals,13926.51407
full_period,development,2021-10-01,2016-01-01,2021-09-01,69,25698,last_month,benchmark,19611
full_period,development,2021-10-01,2016-01-01,2021-09-01,69,25698,seasonal_naive,benchmark,11119
full_period,development,2021-10-01,2016-01-01,2021-09-01,69,25698,ridge_log,history,17261.01837
full_period,development,2021-10-01,2016-01-01,2021-09-01,69,25698,random_forest_log,history,19171.57916
full_period,development,2021-10-01,2016-01-01,2021-09-01,69,25698,hist_gradient_boosting_log,history,13953.87585
full_period,development,2021-10-01,2016-01-01,2021-09-01,69,25698,ridge_log,history_fx,18140.71937
full_period,development,2021-10-01,2016-01-01,2021-09-01,69,25698,random_forest_log,history_fx,17531.75791
full_period,development,2021-10-01,2016-01-01,2021-09-01,69,25698,hist_gradient_boosting_log,history_fx,14277.25097
full_period,development,2021-10-01,2016-01-01,2021-09-01,69,25698,ridge_log,history_interest,12374.31067
full_period,development,2021-10-01,2016-01-01,2021-09-01,69,25698,random_forest_log,history_interest,19731.54443
full_period,development,2021-10-01,2016-01-01,2021-09-01,69,25698,hist_gradient_boosting_log,history_interest,13118.55024
full_period,development,2021-10-01,2016-01-01,2021-09-01,69,25698,ridge_log,all_signals,13936.04011
full_period,development,2021-10-01,2016-01-01,2021-09-01,69,25698,random_forest_log,all_signals,18651.46592
full_period,development,2021-10-01,2016-01-01,2021-09-01,69,25698,hist_gradient_boosting_log,all_signals,13979.35483
full_period,development,2021-11-01,2016-01-01,2021-10-01,70,28734,last_month,benchmark,25698
full_period,development,2021-11-01,2016-01-01,2021-10-01,70,28734,seasonal_naive,benchmark,11514
full_period,development,2021-11-01,2016-01-01,2021-10-01,70,28734,ridge_log,history,18445.73113
full_period,development,2021-11-01,2016-01-01,2021-10-01,70,28734,random_forest_log,history,21899.17764
full_period,development,2021-11-01,2016-01-01,2021-10-01,70,28734,hist_gradient_boosting_log,history,15062.39724
full_period,development,2021-11-01,2016-01-01,2021-10-01,70,28734,ridge_log,history_fx,21001.2062
full_period,development,2021-11-01,2016-01-01,2021-10-01,70,28734,random_forest_log,history_fx,18426.73323
full_period,development,2021-11-01,2016-01-01,2021-10-01,70,28734,hist_gradient_boosting_log,history_fx,15839.77141
full_period,development,2021-11-01,2016-01-01,2021-10-01,70,28734,ridge_log,history_interest,10526.65758
full_period,development,2021-11-01,2016-01-01,2021-10-01,70,28734,random_forest_log,history_interest,18070.30875
full_period,development,2021-11-01,2016-01-01,2021-10-01,70,28734,hist_gradient_boosting_log,history_interest,14627.25416
full_period,development,2021-11-01,2016-01-01,2021-10-01,70,28734,ridge_log,all_signals,15200.96348
full_period,development,2021-11-01,2016-01-01,2021-10-01,70,28734,random_forest_log,all_signals,18632.54956
full_period,development,2021-11-01,2016-01-01,2021-10-01,70,28734,hist_gradient_boosting_log,all_signals,14797.22646
full_period,development,2021-12-01,2016-01-01,2021-11-01,71,25630,last_month,benchmark,28734
full_period,development,2021-12-01,2016-01-01,2021-11-01,71,25630,seasonal_naive,benchmark,11893
full_period,development,2021-12-01,2016-01-01,2021-11-01,71,25630,ridge_log,history,19655.0161
full_period,development,2021-12-01,2016-01-01,2021-11-01,71,25630,random_forest_log,history,24194.48008
full_period,development,2021-12-01,2016-01-01,2021-11-01,71,25630,hist_gradient_boosting_log,history,15160.27101
full_period,development,2021-12-01,2016-01-01,2021-11-01,71,25630,ridge_log,history_fx,20735.32902
full_period,development,2021-12-01,2016-01-01,2021-11-01,71,25630,random_forest_log,history_fx,23676.7774
full_period,development,2021-12-01,2016-01-01,2021-11-01,71,25630,hist_gradient_boosting_log,history_fx,18195.67655
full_period,development,2021-12-01,2016-01-01,2021-11-01,71,25630,ridge_log,history_interest,17145.1136
full_period,development,2021-12-01,2016-01-01,2021-11-01,71,25630,random_forest_log,history_interest,22490.36608
full_period,development,2021-12-01,2016-01-01,2021-11-01,71,25630,hist_gradient_boosting_log,history_interest,15595.11097
full_period,development,2021-12-01,2016-01-01,2021-11-01,71,25630,ridge_log,all_signals,18584.19384
full_period,development,2021-12-01,2016-01-01,2021-11-01,71,25630,random_forest_log,all_signals,22799.51321
full_period,development,2021-12-01,2016-01-01,2021-11-01,71,25630,hist_gradient_boosting_log,all_signals,17690.27696
full_period,development,2022-01-01,2016-01-01,2021-12-01,72,16961,last_month,benchmark,25630
full_period,development,2022-01-01,2016-01-01,2021-12-01,72,16961,seasonal_naive,benchmark,9035
full_period,development,2022-01-01,2016-01-01,2021-12-01,72,16961,ridge_log,history,20043.61294
full_period,development,2022-01-01,2016-01-01,2021-12-01,72,16961,random_forest_log,history,23775.96531
full_period,development,2022-01-01,2016-01-01,2021-12-01,72,16961,hist_gradient_boosting_log,history,13989.42972
full_period,development,2022-01-01,2016-01-01,2021-12-01,72,16961,ridge_log,history_fx,21786.85456
full_period,development,2022-01-01,2016-01-01,2021-12-01,72,16961,random_forest_log,history_fx,25319.15783
full_period,development,2022-01-01,2016-01-01,2021-12-01,72,16961,hist_gradient_boosting_log,history_fx,16819.30641
full_period,development,2022-01-01,2016-01-01,2021-12-01,72,16961,ridge_log,history_interest,17950.76241
full_period,development,2022-01-01,2016-01-01,2021-12-01,72,16961,random_forest_log,history_interest,21779.28978
full_period,development,2022-01-01,2016-01-01,2021-12-01,72,16961,hist_gradient_boosting_log,history_interest,14298.41925
full_period,development,2022-01-01,2016-01-01,2021-12-01,72,16961,ridge_log,all_signals,18052.78087
full_period,development,2022-01-01,2016-01-01,2021-12-01,72,16961,random_forest_log,all_signals,24376.8378
full_period,development,2022-01-01,2016-01-01,2021-12-01,72,16961,hist_gradient_boosting_log,all_signals,16482.21737
full_period,development,2022-02-01,2016-01-01,2022-01-01,73,16512,last_month,benchmark,16961
full_period,development,2022-02-01,2016-01-01,2022-01-01,73,16512,seasonal_naive,benchmark,8500
full_period,development,2022-02-01,2016-01-01,2022-01-01,73,16512,ridge_log,history,19086.77396
full_period,development,2022-02-01,2016-01-01,2022-01-01,73,16512,random_forest_log,history,19245.82384
full_period,development,2022-02-01,2016-01-01,2022-01-01,73,16512,hist_gradient_boosting_log,history,14316.00754
full_period,development,2022-02-01,2016-01-01,2022-01-01,73,16512,ridge_log,history_fx,18252.12189
full_period,development,2022-02-01,2016-01-01,2022-01-01,73,16512,random_forest_log,history_fx,22331.89066
full_period,development,2022-02-01,2016-01-01,2022-01-01,73,16512,hist_gradient_boosting_log,history_fx,16807.55936
full_period,development,2022-02-01,2016-01-01,2022-01-01,73,16512,ridge_log,history_interest,14164.22289
full_period,development,2022-02-01,2016-01-01,2022-01-01,73,16512,random_forest_log,history_interest,19861.90968
full_period,development,2022-02-01,2016-01-01,2022-01-01,73,16512,hist_gradient_boosting_log,history_interest,14671.80653
full_period,development,2022-02-01,2016-01-01,2022-01-01,73,16512,ridge_log,all_signals,12774.57935
full_period,development,2022-02-01,2016-01-01,2022-01-01,73,16512,random_forest_log,all_signals,21882.40241
full_period,development,2022-02-01,2016-01-01,2022-01-01,73,16512,hist_gradient_boosting_log,all_signals,16577.40828
full_period,development,2022-03-01,2016-01-01,2022-02-01,74,22492,last_month,benchmark,16512
full_period,development,2022-03-01,2016-01-01,2022-02-01,74,22492,seasonal_naive,benchmark,11169
full_period,development,2022-03-01,2016-01-01,2022-02-01,74,22492,ridge_log,history,18410.21101
full_period,development,2022-03-01,2016-01-01,2022-02-01,74,22492,random_forest_log,history,22196.68733
full_period,development,2022-03-01,2016-01-01,2022-02-01,74,22492,hist_gradient_boosting_log,history,14334.94457
full_period,development,2022-03-01,2016-01-01,2022-02-01,74,22492,ridge_log,history_fx,18310.45839
full_period,development,2022-03-01,2016-01-01,2022-02-01,74,22492,random_forest_log,history_fx,20982.49933
full_period,development,2022-03-01,2016-01-01,2022-02-01,74,22492,hist_gradient_boosting_log,history_fx,16780.80337
full_period,development,2022-03-01,2016-01-01,2022-02-01,74,22492,ridge_log,history_interest,13772.16772
full_period,development,2022-03-01,2016-01-01,2022-02-01,74,22492,random_forest_log,history_interest,20206.28418
full_period,development,2022-03-01,2016-01-01,2022-02-01,74,22492,hist_gradient_boosting_log,history_interest,14758.95578
full_period,development,2022-03-01,2016-01-01,2022-02-01,74,22492,ridge_log,all_signals,11751.59284
full_period,development,2022-03-01,2016-01-01,2022-02-01,74,22492,random_forest_log,all_signals,20869.47795
full_period,development,2022-03-01,2016-01-01,2022-02-01,74,22492,hist_gradient_boosting_log,all_signals,16574.17068
full_period,development,2022-04-01,2016-01-01,2022-03-01,75,57448,last_month,benchmark,22492
full_period,development,2022-04-01,2016-01-01,2022-03-01,75,57448,seasonal_naive,benchmark,11492
full_period,development,2022-04-01,2016-01-01,2022-03-01,75,57448,ridge_log,history,18747.85759
full_period,development,2022-04-01,2016-01-01,2022-03-01,75,57448,random_forest_log,history,20434.12026
full_period,development,2022-04-01,2016-01-01,2022-03-01,75,57448,hist_gradient_boosting_log,history,14850.59136
full_period,development,2022-04-01,2016-01-01,2022-03-01,75,57448,ridge_log,history_fx,24337.82228
full_period,development,2022-04-01,2016-01-01,2022-03-01,75,57448,random_forest_log,history_fx,22440.89836
full_period,development,2022-04-01,2016-01-01,2022-03-01,75,57448,hist_gradient_boosting_log,history_fx,17496.26779
full_period,development,2022-04-01,2016-01-01,2022-03-01,75,57448,ridge_log,history_interest,12411.66536
full_period,development,2022-04-01,2016-01-01,2022-03-01,75,57448,random_forest_log,history_interest,20772.38633
full_period,development,2022-04-01,2016-01-01,2022-03-01,75,57448,hist_gradient_boosting_log,history_interest,15348.35897
full_period,development,2022-04-01,2016-01-01,2022-03-01,75,57448,ridge_log,all_signals,14354.26702
full_period,development,2022-04-01,2016-01-01,2022-03-01,75,57448,random_forest_log,all_signals,22215.56866
full_period,development,2022-04-01,2016-01-01,2022-03-01,75,57448,hist_gradient_boosting_log,all_signals,17217.06516
full_period,development,2022-05-01,2016-01-01,2022-04-01,76,89179,last_month,benchmark,57448
full_period,development,2022-05-01,2016-01-01,2022-04-01,76,89179,seasonal_naive,benchmark,15381
full_period,development,2022-05-01,2016-01-01,2022-04-01,76,89179,ridge_log,history,22069.33476
full_period,development,2022-05-01,2016-01-01,2022-04-01,76,89179,random_forest_log,history,27636.59296
full_period,development,2022-05-01,2016-01-01,2022-04-01,76,89179,hist_gradient_boosting_log,history,22259.73606
full_period,development,2022-05-01,2016-01-01,2022-04-01,76,89179,ridge_log,history_fx,44997.08346
full_period,development,2022-05-01,2016-01-01,2022-04-01,76,89179,random_forest_log,history_fx,31558.93567
full_period,development,2022-05-01,2016-01-01,2022-04-01,76,89179,hist_gradient_boosting_log,history_fx,25778.46033
full_period,development,2022-05-01,2016-01-01,2022-04-01,76,89179,ridge_log,history_interest,14234.49535
full_period,development,2022-05-01,2016-01-01,2022-04-01,76,89179,random_forest_log,history_interest,30249.71955
full_period,development,2022-05-01,2016-01-01,2022-04-01,76,89179,hist_gradient_boosting_log,history_interest,22380.82758
full_period,development,2022-05-01,2016-01-01,2022-04-01,76,89179,ridge_log,all_signals,24219.15179
full_period,development,2022-05-01,2016-01-01,2022-04-01,76,89179,random_forest_log,all_signals,31952.4408
full_period,development,2022-05-01,2016-01-01,2022-04-01,76,89179,hist_gradient_boosting_log,all_signals,25156.76108
full_period,development,2022-06-01,2016-01-01,2022-05-01,77,133883,last_month,benchmark,89179
full_period,development,2022-06-01,2016-01-01,2022-05-01,77,133883,seasonal_naive,benchmark,17847
full_period,development,2022-06-01,2016-01-01,2022-05-01,77,133883,ridge_log,history,27148.59354
full_period,development,2022-06-01,2016-01-01,2022-05-01,77,133883,random_forest_log,history,35471.39608
full_period,development,2022-06-01,2016-01-01,2022-05-01,77,133883,hist_gradient_boosting_log,history,72944.89941
full_period,development,2022-06-01,2016-01-01,2022-05-01,77,133883,ridge_log,history_fx,82407.71735
full_period,development,2022-06-01,2016-01-01,2022-05-01,77,133883,random_forest_log,history_fx,43848.23017
full_period,development,2022-06-01,2016-01-01,2022-05-01,77,133883,hist_gradient_boosting_log,history_fx,71662.28909
full_period,development,2022-06-01,2016-01-01,2022-05-01,77,133883,ridge_log,history_interest,19559.47113
full_period,development,2022-06-01,2016-01-01,2022-05-01,77,133883,random_forest_log,history_interest,34879.28712
full_period,development,2022-06-01,2016-01-01,2022-05-01,77,133883,hist_gradient_boosting_log,history_interest,66899.53751
full_period,development,2022-06-01,2016-01-01,2022-05-01,77,133883,ridge_log,all_signals,50381.91402
full_period,development,2022-06-01,2016-01-01,2022-05-01,77,133883,random_forest_log,all_signals,39885.53736
full_period,development,2022-06-01,2016-01-01,2022-05-01,77,133883,hist_gradient_boosting_log,all_signals,72665.99105
full_period,development,2022-07-01,2016-01-01,2022-06-01,78,153171,last_month,benchmark,133883
full_period,development,2022-07-01,2016-01-01,2022-06-01,78,153171,seasonal_naive,benchmark,20297
full_period,development,2022-07-01,2016-01-01,2022-06-01,78,153171,ridge_log,history,34749.76135
full_period,development,2022-07-01,2016-01-01,2022-06-01,78,153171,random_forest_log,history,64040.09663
full_period,development,2022-07-01,2016-01-01,2022-06-01,78,153171,hist_gradient_boosting_log,history,93387.68833
full_period,development,2022-07-01,2016-01-01,2022-06-01,78,153171,ridge_log,history_fx,162413.0443
full_period,development,2022-07-01,2016-01-01,2022-06-01,78,153171,random_forest_log,history_fx,47881.43745
full_period,development,2022-07-01,2016-01-01,2022-06-01,78,153171,hist_gradient_boosting_log,history_fx,89097.1395
full_period,development,2022-07-01,2016-01-01,2022-06-01,78,153171,ridge_log,history_interest,30421.73055
full_period,development,2022-07-01,2016-01-01,2022-06-01,78,153171,random_forest_log,history_interest,67514.60396
full_period,development,2022-07-01,2016-01-01,2022-06-01,78,153171,hist_gradient_boosting_log,history_interest,92911.99146
full_period,development,2022-07-01,2016-01-01,2022-06-01,78,153171,ridge_log,all_signals,111504.9618
full_period,development,2022-07-01,2016-01-01,2022-06-01,78,153171,random_forest_log,all_signals,46753.91018
full_period,development,2022-07-01,2016-01-01,2022-06-01,78,153171,hist_gradient_boosting_log,all_signals,88650.37563
full_period,development,2022-08-01,2016-01-01,2022-07-01,79,159128,last_month,benchmark,153171
full_period,development,2022-08-01,2016-01-01,2022-07-01,79,159128,seasonal_naive,benchmark,18452
full_period,development,2022-08-01,2016-01-01,2022-07-01,79,159128,ridge_log,history,41788.75114
full_period,development,2022-08-01,2016-01-01,2022-07-01,79,159128,random_forest_log,history,98674.25425
full_period,development,2022-08-01,2016-01-01,2022-07-01,79,159128,hist_gradient_boosting_log,history,107362.1931
full_period,development,2022-08-01,2016-01-01,2022-07-01,79,159128,ridge_log,history_fx,173211.5288
full_period,development,2022-08-01,2016-01-01,2022-07-01,79,159128,random_forest_log,history_fx,94858.07084
full_period,development,2022-08-01,2016-01-01,2022-07-01,79,159128,hist_gradient_boosting_log,history_fx,103098.769
full_period,development,2022-08-01,2016-01-01,2022-07-01,79,159128,ridge_log,history_interest,34897.47248
full_period,development,2022-08-01,2016-01-01,2022-07-01,79,159128,random_forest_log,history_interest,100800.0245
full_period,development,2022-08-01,2016-01-01,2022-07-01,79,159128,hist_gradient_boosting_log,history_interest,107902.2781
full_period,development,2022-08-01,2016-01-01,2022-07-01,79,159128,ridge_log,all_signals,120822.0656
full_period,development,2022-08-01,2016-01-01,2022-07-01,79,159128,random_forest_log,all_signals,86903.53907
full_period,development,2022-08-01,2016-01-01,2022-07-01,79,159128,hist_gradient_boosting_log,all_signals,104510.1651
full_period,development,2022-09-01,2016-01-01,2022-08-01,80,213310,last_month,benchmark,159128
full_period,development,2022-09-01,2016-01-01,2022-08-01,80,213310,seasonal_naive,benchmark,19611
full_period,development,2022-09-01,2016-01-01,2022-08-01,80,213310,ridge_log,history,46530.36096
full_period,development,2022-09-01,2016-01-01,2022-08-01,80,213310,random_forest_log,history,109649.0306
full_period,development,2022-09-01,2016-01-01,2022-08-01,80,213310,hist_gradient_boosting_log,history,122165.8818
full_period,development,2022-09-01,2016-01-01,2022-08-01,80,213310,ridge_log,history_fx,179068.336
full_period,development,2022-09-01,2016-01-01,2022-08-01,80,213310,random_forest_log,history_fx,129358.4098
full_period,development,2022-09-01,2016-01-01,2022-08-01,80,213310,hist_gradient_boosting_log,history_fx,127789.8404
full_period,development,2022-09-01,2016-01-01,2022-08-01,80,213310,ridge_log,history_interest,51076.16998
full_period,development,2022-09-01,2016-01-01,2022-08-01,80,213310,random_forest_log,history_interest,128056.8586
full_period,development,2022-09-01,2016-01-01,2022-08-01,80,213310,hist_gradient_boosting_log,history_interest,121903.2834
full_period,development,2022-09-01,2016-01-01,2022-08-01,80,213310,ridge_log,all_signals,157581.0865
full_period,development,2022-09-01,2016-01-01,2022-08-01,80,213310,random_forest_log,all_signals,127374.1307
full_period,development,2022-09-01,2016-01-01,2022-08-01,80,213310,hist_gradient_boosting_log,all_signals,127425.0512
full_period,development,2022-10-01,2016-01-01,2022-09-01,81,360862,last_month,benchmark,213310
full_period,development,2022-10-01,2016-01-01,2022-09-01,81,360862,seasonal_naive,benchmark,25698
full_period,development,2022-10-01,2016-01-01,2022-09-01,81,360862,ridge_log,history,55346.65219
full_period,development,2022-10-01,2016-01-01,2022-09-01,81,360862,random_forest_log,history,133786.9153
full_period,development,2022-10-01,2016-01-01,2022-09-01,81,360862,hist_gradient_boosting_log,history,137951.9277
full_period,development,2022-10-01,2016-01-01,2022-09-01,81,360862,ridge_log,history_fx,179365.8455
full_period,development,2022-10-01,2016-01-01,2022-09-01,81,360862,random_forest_log,history_fx,149658.3052
full_period,development,2022-10-01,2016-01-01,2022-09-01,81,360862,hist_gradient_boosting_log,history_fx,144635.3554
full_period,development,2022-10-01,2016-01-01,2022-09-01,81,360862,ridge_log,history_interest,72898.41673
full_period,development,2022-10-01,2016-01-01,2022-09-01,81,360862,random_forest_log,history_interest,148254.723
full_period,development,2022-10-01,2016-01-01,2022-09-01,81,360862,hist_gradient_boosting_log,history_interest,142983.0116
full_period,development,2022-10-01,2016-01-01,2022-09-01,81,360862,ridge_log,all_signals,167817.109
full_period,development,2022-10-01,2016-01-01,2022-09-01,81,360862,random_forest_log,all_signals,145308.9214
full_period,development,2022-10-01,2016-01-01,2022-09-01,81,360862,hist_gradient_boosting_log,all_signals,144447.5088
full_period,development,2022-11-01,2016-01-01,2022-10-01,82,341686,last_month,benchmark,360862
full_period,development,2022-11-01,2016-01-01,2022-10-01,82,341686,seasonal_naive,benchmark,28734
full_period,development,2022-11-01,2016-01-01,2022-10-01,82,341686,ridge_log,history,84069.98797
full_period,development,2022-11-01,2016-01-01,2022-10-01,82,341686,random_forest_log,history,168928.7847
full_period,development,2022-11-01,2016-01-01,2022-10-01,82,341686,hist_gradient_boosting_log,history,175411.7383
full_period,development,2022-11-01,2016-01-01,2022-10-01,82,341686,ridge_log,history_fx,333686.1243
full_period,development,2022-11-01,2016-01-01,2022-10-01,82,341686,random_forest_log,history_fx,200963.4749
full_period,development,2022-11-01,2016-01-01,2022-10-01,82,341686,hist_gradient_boosting_log,history_fx,174855.289
full_period,development,2022-11-01,2016-01-01,2022-10-01,82,341686,ridge_log,history_interest,124798.4142
full_period,development,2022-11-01,2016-01-01,2022-10-01,82,341686,random_forest_log,history_interest,180241.6576
full_period,development,2022-11-01,2016-01-01,2022-10-01,82,341686,hist_gradient_boosting_log,history_interest,183110.8211
full_period,development,2022-11-01,2016-01-01,2022-10-01,82,341686,ridge_log,all_signals,344313.1985
full_period,development,2022-11-01,2016-01-01,2022-10-01,82,341686,random_forest_log,all_signals,186854.5845
full_period,development,2022-11-01,2016-01-01,2022-10-01,82,341686,hist_gradient_boosting_log,all_signals,176123.8159
full_period,development,2022-12-01,2016-01-01,2022-11-01,83,434305,last_month,benchmark,341686
full_period,development,2022-12-01,2016-01-01,2022-11-01,83,434305,seasonal_naive,benchmark,25630
full_period,development,2022-12-01,2016-01-01,2022-11-01,83,434305,ridge_log,history,99301.98791
full_period,development,2022-12-01,2016-01-01,2022-11-01,83,434305,random_forest_log,history,167323.9673
full_period,development,2022-12-01,2016-01-01,2022-11-01,83,434305,hist_gradient_boosting_log,history,208484.4193
full_period,development,2022-12-01,2016-01-01,2022-11-01,83,434305,ridge_log,history_fx,407212.354
full_period,development,2022-12-01,2016-01-01,2022-11-01,83,434305,random_forest_log,history_fx,227850.5181
full_period,development,2022-12-01,2016-01-01,2022-11-01,83,434305,hist_gradient_boosting_log,history_fx,215047.568
full_period,development,2022-12-01,2016-01-01,2022-11-01,83,434305,ridge_log,history_interest,186169.5734
full_period,development,2022-12-01,2016-01-01,2022-11-01,83,434305,random_forest_log,history_interest,162033.2793
full_period,development,2022-12-01,2016-01-01,2022-11-01,83,434305,hist_gradient_boosting_log,history_interest,209290.5185
full_period,development,2022-12-01,2016-01-01,2022-11-01,83,434305,ridge_log,all_signals,465289.2299
full_period,development,2022-12-01,2016-01-01,2022-11-01,83,434305,random_forest_log,all_signals,191599.7149
full_period,development,2022-12-01,2016-01-01,2022-11-01,83,434305,hist_gradient_boosting_log,all_signals,220205.1123
full_period,development,2023-01-01,2016-01-01,2022-12-01,84,312847,last_month,benchmark,434305
full_period,development,2023-01-01,2016-01-01,2022-12-01,84,312847,seasonal_naive,benchmark,16961
full_period,development,2023-01-01,2016-01-01,2022-12-01,84,312847,ridge_log,history,129134.956
full_period,development,2023-01-01,2016-01-01,2022-12-01,84,312847,random_forest_log,history,211158.9299
full_period,development,2023-01-01,2016-01-01,2022-12-01,84,312847,hist_gradient_boosting_log,history,216003.812
full_period,development,2023-01-01,2016-01-01,2022-12-01,84,312847,ridge_log,history_fx,426035.6037
full_period,development,2023-01-01,2016-01-01,2022-12-01,84,312847,random_forest_log,history_fx,243767.2281
full_period,development,2023-01-01,2016-01-01,2022-12-01,84,312847,hist_gradient_boosting_log,history_fx,214358.0128
full_period,development,2023-01-01,2016-01-01,2022-12-01,84,312847,ridge_log,history_interest,238332.8445
full_period,development,2023-01-01,2016-01-01,2022-12-01,84,312847,random_forest_log,history_interest,230660.907
full_period,development,2023-01-01,2016-01-01,2022-12-01,84,312847,hist_gradient_boosting_log,history_interest,224026.4277
full_period,development,2023-01-01,2016-01-01,2022-12-01,84,312847,ridge_log,all_signals,392646.5788
full_period,development,2023-01-01,2016-01-01,2022-12-01,84,312847,random_forest_log,all_signals,230420.1837
full_period,development,2023-01-01,2016-01-01,2022-12-01,84,312847,hist_gradient_boosting_log,all_signals,208514.6161
full_period,development,2023-02-01,2016-01-01,2023-01-01,85,319098,last_month,benchmark,312847
full_period,development,2023-02-01,2016-01-01,2023-01-01,85,319098,seasonal_naive,benchmark,16512
full_period,development,2023-02-01,2016-01-01,2023-01-01,85,319098,ridge_log,history,109681.0799
full_period,development,2023-02-01,2016-01-01,2023-01-01,85,319098,random_forest_log,history,279308.2083
full_period,development,2023-02-01,2016-01-01,2023-01-01,85,319098,hist_gradient_boosting_log,history,236178.6323
full_period,development,2023-02-01,2016-01-01,2023-01-01,85,319098,ridge_log,history_fx,282312.6181
full_period,development,2023-02-01,2016-01-01,2023-01-01,85,319098,random_forest_log,history_fx,230233.4889
full_period,development,2023-02-01,2016-01-01,2023-01-01,85,319098,hist_gradient_boosting_log,history_fx,247876.3608
full_period,development,2023-02-01,2016-01-01,2023-01-01,85,319098,ridge_log,history_interest,205533.2729
full_period,development,2023-02-01,2016-01-01,2023-01-01,85,319098,random_forest_log,history_interest,194223.5117
full_period,development,2023-02-01,2016-01-01,2023-01-01,85,319098,hist_gradient_boosting_log,history_interest,245043.7929
full_period,development,2023-02-01,2016-01-01,2023-01-01,85,319098,ridge_log,all_signals,216944.5759
full_period,development,2023-02-01,2016-01-01,2023-01-01,85,319098,random_forest_log,all_signals,214880.5621
full_period,development,2023-02-01,2016-01-01,2023-01-01,85,319098,hist_gradient_boosting_log,all_signals,244044.6189
full_period,development,2023-03-01,2016-01-01,2023-02-01,86,627681,last_month,benchmark,319098
full_period,development,2023-03-01,2016-01-01,2023-02-01,86,627681,seasonal_naive,benchmark,22492
full_period,development,2023-03-01,2016-01-01,2023-02-01,86,627681,ridge_log,history,103617.4099
full_period,development,2023-03-01,2016-01-01,2023-02-01,86,627681,random_forest_log,history,127945.6978
full_period,development,2023-03-01,2016-01-01,2023-02-01,86,627681,hist_gradient_boosting_log,history,253262.0086
full_period,development,2023-03-01,2016-01-01,2023-02-01,86,627681,ridge_log,history_fx,235998.8586
full_period,development,2023-03-01,2016-01-01,2023-02-01,86,627681,random_forest_log,history_fx,216617.3494
full_period,development,2023-03-01,2016-01-01,2023-02-01,86,627681,hist_gradient_boosting_log,history_fx,312417.6472
full_period,development,2023-03-01,2016-01-01,2023-02-01,86,627681,ridge_log,history_interest,273616.8599
full_period,development,2023-03-01,2016-01-01,2023-02-01,86,627681,random_forest_log,history_interest,229145.1123
full_period,development,2023-03-01,2016-01-01,2023-02-01,86,627681,hist_gradient_boosting_log,history_interest,262420.5266
full_period,development,2023-03-01,2016-01-01,2023-02-01,86,627681,ridge_log,all_signals,216617.6846
full_period,development,2023-03-01,2016-01-01,2023-02-01,86,627681,random_forest_log,all_signals,210179.3026
full_period,development,2023-03-01,2016-01-01,2023-02-01,86,627681,hist_gradient_boosting_log,all_signals,301619.6491
full_period,development,2023-04-01,2016-01-01,2023-03-01,87,736870,last_month,benchmark,627681
full_period,development,2023-04-01,2016-01-01,2023-03-01,87,736870,seasonal_naive,benchmark,57448
full_period,development,2023-04-01,2016-01-01,2023-03-01,87,736870,ridge_log,history,200597.0127
full_period,development,2023-04-01,2016-01-01,2023-03-01,87,736870,random_forest_log,history,517167.9317
full_period,development,2023-04-01,2016-01-01,2023-03-01,87,736870,hist_gradient_boosting_log,history,592476.1501
full_period,development,2023-04-01,2016-01-01,2023-03-01,87,736870,ridge_log,history_fx,442699.5435
full_period,development,2023-04-01,2016-01-01,2023-03-01,87,736870,random_forest_log,history_fx,540085.2582
full_period,development,2023-04-01,2016-01-01,2023-03-01,87,736870,hist_gradient_boosting_log,history_fx,798378.7648
full_period,development,2023-04-01,2016-01-01,2023-03-01,87,736870,ridge_log,history_interest,659245.8011
full_period,development,2023-04-01,2016-01-01,2023-03-01,87,736870,random_forest_log,history_interest,591818.2966
full_period,development,2023-04-01,2016-01-01,2023-03-01,87,736870,hist_gradient_boosting_log,history_interest,597577.6057
full_period,development,2023-04-01,2016-01-01,2023-03-01,87,736870,ridge_log,all_signals,352591.0367
full_period,development,2023-04-01,2016-01-01,2023-03-01,87,736870,random_forest_log,all_signals,558147.9495
full_period,development,2023-04-01,2016-01-01,2023-03-01,87,736870,hist_gradient_boosting_log,all_signals,714943.2568
full_period,development,2023-05-01,2016-01-01,2023-04-01,88,691789,last_month,benchmark,736870
full_period,development,2023-05-01,2016-01-01,2023-04-01,88,691789,seasonal_naive,benchmark,89179
full_period,development,2023-05-01,2016-01-01,2023-04-01,88,691789,ridge_log,history,376318.3351
full_period,development,2023-05-01,2016-01-01,2023-04-01,88,691789,random_forest_log,history,715475.4135
full_period,development,2023-05-01,2016-01-01,2023-04-01,88,691789,hist_gradient_boosting_log,history,598913.5
full_period,development,2023-05-01,2016-01-01,2023-04-01,88,691789,ridge_log,history_fx,770651.8632
full_period,development,2023-05-01,2016-01-01,2023-04-01,88,691789,random_forest_log,history_fx,667147.2719
full_period,development,2023-05-01,2016-01-01,2023-04-01,88,691789,hist_gradient_boosting_log,history_fx,756759.4289
full_period,development,2023-05-01,2016-01-01,2023-04-01,88,691789,ridge_log,history_interest,825645.5608
full_period,development,2023-05-01,2016-01-01,2023-04-01,88,691789,random_forest_log,history_interest,611255.5658
full_period,development,2023-05-01,2016-01-01,2023-04-01,88,691789,hist_gradient_boosting_log,history_interest,634291.4923
full_period,development,2023-05-01,2016-01-01,2023-04-01,88,691789,ridge_log,all_signals,626413.4274
full_period,development,2023-05-01,2016-01-01,2023-04-01,88,691789,random_forest_log,all_signals,592771.9766
full_period,development,2023-05-01,2016-01-01,2023-04-01,88,691789,hist_gradient_boosting_log,all_signals,741282.4277
full_period,development,2023-06-01,2016-01-01,2023-05-01,89,789269,last_month,benchmark,691789
full_period,development,2023-06-01,2016-01-01,2023-05-01,89,789269,seasonal_naive,benchmark,133883
full_period,development,2023-06-01,2016-01-01,2023-05-01,89,789269,ridge_log,history,441427.4417
full_period,development,2023-06-01,2016-01-01,2023-05-01,89,789269,random_forest_log,history,775540.0926
full_period,development,2023-06-01,2016-01-01,2023-05-01,89,789269,hist_gradient_boosting_log,history,637314.4337
full_period,development,2023-06-01,2016-01-01,2023-05-01,89,789269,ridge_log,history_fx,1454822.201
full_period,development,2023-06-01,2016-01-01,2023-05-01,89,789269,random_forest_log,history_fx,693600.7537
full_period,development,2023-06-01,2016-01-01,2023-05-01,89,789269,hist_gradient_boosting_log,history_fx,766779.3838
full_period,development,2023-06-01,2016-01-01,2023-05-01,89,789269,ridge_log,history_interest,1019626.414
full_period,development,2023-06-01,2016-01-01,2023-05-01,89,789269,random_forest_log,history_interest,597075.2853
full_period,development,2023-06-01,2016-01-01,2023-05-01,89,789269,hist_gradient_boosting_log,history_interest,684427.352
full_period,development,2023-06-01,2016-01-01,2023-05-01,89,789269,ridge_log,all_signals,1147665.488
full_period,development,2023-06-01,2016-01-01,2023-05-01,89,789269,random_forest_log,all_signals,583798.2436
full_period,development,2023-06-01,2016-01-01,2023-05-01,89,789269,hist_gradient_boosting_log,all_signals,752543.5016
full_period,development,2023-07-01,2016-01-01,2023-06-01,90,853340,last_month,benchmark,789269
full_period,development,2023-07-01,2016-01-01,2023-06-01,90,853340,seasonal_naive,benchmark,153171
full_period,development,2023-07-01,2016-01-01,2023-06-01,90,853340,ridge_log,history,561994.9378
full_period,development,2023-07-01,2016-01-01,2023-06-01,90,853340,random_forest_log,history,824452.3716
full_period,development,2023-07-01,2016-01-01,2023-06-01,90,853340,hist_gradient_boosting_log,history,729822.451
full_period,development,2023-07-01,2016-01-01,2023-06-01,90,853340,ridge_log,history_fx,2414987.804
full_period,development,2023-07-01,2016-01-01,2023-06-01,90,853340,random_forest_log,history_fx,720957.8661
full_period,development,2023-07-01,2016-01-01,2023-06-01,90,853340,hist_gradient_boosting_log,history_fx,837794.6813
full_period,development,2023-07-01,2016-01-01,2023-06-01,90,853340,ridge_log,history_interest,1286499.004
full_period,development,2023-07-01,2016-01-01,2023-06-01,90,853340,random_forest_log,history_interest,683618.5839
full_period,development,2023-07-01,2016-01-01,2023-06-01,90,853340,hist_gradient_boosting_log,history_interest,760221.4815
full_period,development,2023-07-01,2016-01-01,2023-06-01,90,853340,ridge_log,all_signals,2033366.349
full_period,development,2023-07-01,2016-01-01,2023-06-01,90,853340,random_forest_log,all_signals,685879.7545
full_period,development,2023-07-01,2016-01-01,2023-06-01,90,853340,hist_gradient_boosting_log,all_signals,816663.0655
full_period,development,2023-08-01,2016-01-01,2023-07-01,91,839458,last_month,benchmark,853340
full_period,development,2023-08-01,2016-01-01,2023-07-01,91,839458,seasonal_naive,benchmark,159128
full_period,development,2023-08-01,2016-01-01,2023-07-01,91,839458,ridge_log,history,726414.8889
full_period,development,2023-08-01,2016-01-01,2023-07-01,91,839458,random_forest_log,history,876561.6507
full_period,development,2023-08-01,2016-01-01,2023-07-01,91,839458,hist_gradient_boosting_log,history,1292459.213
full_period,development,2023-08-01,2016-01-01,2023-07-01,91,839458,ridge_log,history_fx,2993061.486
full_period,development,2023-08-01,2016-01-01,2023-07-01,91,839458,random_forest_log,history_fx,783251.1859
full_period,development,2023-08-01,2016-01-01,2023-07-01,91,839458,hist_gradient_boosting_log,history_fx,1175668.63
full_period,development,2023-08-01,2016-01-01,2023-07-01,91,839458,ridge_log,history_interest,1310645.931
full_period,development,2023-08-01,2016-01-01,2023-07-01,91,839458,random_forest_log,history_interest,723030.7816
full_period,development,2023-08-01,2016-01-01,2023-07-01,91,839458,hist_gradient_boosting_log,history_interest,1149222.163
full_period,development,2023-08-01,2016-01-01,2023-07-01,91,839458,ridge_log,all_signals,2228437.653
full_period,development,2023-08-01,2016-01-01,2023-07-01,91,839458,random_forest_log,all_signals,724942.0704
full_period,development,2023-08-01,2016-01-01,2023-07-01,91,839458,hist_gradient_boosting_log,all_signals,1125343.904
full_period,development,2023-09-01,2016-01-01,2023-08-01,92,901891,last_month,benchmark,839458
full_period,development,2023-09-01,2016-01-01,2023-08-01,92,901891,seasonal_naive,benchmark,213310
full_period,development,2023-09-01,2016-01-01,2023-08-01,92,901891,ridge_log,history,755475.6545
full_period,development,2023-09-01,2016-01-01,2023-08-01,92,901891,random_forest_log,history,874405.0365
full_period,development,2023-09-01,2016-01-01,2023-08-01,92,901891,hist_gradient_boosting_log,history,1098350.757
full_period,development,2023-09-01,2016-01-01,2023-08-01,92,901891,ridge_log,history_fx,2655215.682
full_period,development,2023-09-01,2016-01-01,2023-08-01,92,901891,random_forest_log,history_fx,798594.1944
full_period,development,2023-09-01,2016-01-01,2023-08-01,92,901891,hist_gradient_boosting_log,history_fx,1082072.082
full_period,development,2023-09-01,2016-01-01,2023-08-01,92,901891,ridge_log,history_interest,2297687.82
full_period,development,2023-09-01,2016-01-01,2023-08-01,92,901891,random_forest_log,history_interest,791418.7601
full_period,development,2023-09-01,2016-01-01,2023-08-01,92,901891,hist_gradient_boosting_log,history_interest,982437.263
full_period,development,2023-09-01,2016-01-01,2023-08-01,92,901891,ridge_log,all_signals,2422818.902
full_period,development,2023-09-01,2016-01-01,2023-08-01,92,901891,random_forest_log,all_signals,788948.0508
full_period,development,2023-09-01,2016-01-01,2023-08-01,92,901891,hist_gradient_boosting_log,all_signals,963691.1688
full_period,holdout,2023-10-01,2016-01-01,2023-09-01,93,1009849,last_month,benchmark,901891
full_period,holdout,2023-10-01,2016-01-01,2023-09-01,93,1009849,seasonal_naive,benchmark,360862
full_period,holdout,2023-10-01,2016-01-01,2023-09-01,93,1009849,ridge_log,history,778352.4883
full_period,holdout,2023-10-01,2016-01-01,2023-09-01,93,1009849,random_forest_log,history,892716.446
full_period,holdout,2023-10-01,2016-01-01,2023-09-01,93,1009849,hist_gradient_boosting_log,history,1033061.617
full_period,holdout,2023-10-01,2016-01-01,2023-09-01,93,1009849,ridge_log,history_fx,2412948.982
full_period,holdout,2023-10-01,2016-01-01,2023-09-01,93,1009849,random_forest_log,history_fx,846817.7684
full_period,holdout,2023-10-01,2016-01-01,2023-09-01,93,1009849,hist_gradient_boosting_log,history_fx,1036720.145
full_period,holdout,2023-10-01,2016-01-01,2023-09-01,93,1009849,ridge_log,history_interest,1914506.978
full_period,holdout,2023-10-01,2016-01-01,2023-09-01,93,1009849,random_forest_log,history_interest,814280.1027
full_period,holdout,2023-10-01,2016-01-01,2023-09-01,93,1009849,hist_gradient_boosting_log,history_interest,953895.1327
full_period,holdout,2023-10-01,2016-01-01,2023-09-01,93,1009849,ridge_log,all_signals,2039504.407
full_period,holdout,2023-10-01,2016-01-01,2023-09-01,93,1009849,random_forest_log,all_signals,832562.528
full_period,holdout,2023-10-01,2016-01-01,2023-09-01,93,1009849,hist_gradient_boosting_log,all_signals,934325.3956
full_period,holdout,2023-11-01,2016-01-01,2023-10-01,94,933033,last_month,benchmark,1009849
full_period,holdout,2023-11-01,2016-01-01,2023-10-01,94,933033,seasonal_naive,benchmark,341686
full_period,holdout,2023-11-01,2016-01-01,2023-10-01,94,933033,ridge_log,history,1052621.836
full_period,holdout,2023-11-01,2016-01-01,2023-10-01,94,933033,random_forest_log,history,981329.0385
full_period,holdout,2023-11-01,2016-01-01,2023-10-01,94,933033,hist_gradient_boosting_log,history,993107.997
full_period,holdout,2023-11-01,2016-01-01,2023-10-01,94,933033,ridge_log,history_fx,3156184.048
full_period,holdout,2023-11-01,2016-01-01,2023-10-01,94,933033,random_forest_log,history_fx,934935.2261
full_period,holdout,2023-11-01,2016-01-01,2023-10-01,94,933033,hist_gradient_boosting_log,history_fx,1003789.493
full_period,holdout,2023-11-01,2016-01-01,2023-10-01,94,933033,ridge_log,history_interest,2132269.298
full_period,holdout,2023-11-01,2016-01-01,2023-10-01,94,933033,random_forest_log,history_interest,916049.8109
full_period,holdout,2023-11-01,2016-01-01,2023-10-01,94,933033,hist_gradient_boosting_log,history_interest,898514.4538
full_period,holdout,2023-11-01,2016-01-01,2023-10-01,94,933033,ridge_log,all_signals,3060850.207
full_period,holdout,2023-11-01,2016-01-01,2023-10-01,94,933033,random_forest_log,all_signals,917108.5577
full_period,holdout,2023-11-01,2016-01-01,2023-10-01,94,933033,hist_gradient_boosting_log,all_signals,958520.5906
full_period,holdout,2023-12-01,2016-01-01,2023-11-01,95,865774,last_month,benchmark,933033
full_period,holdout,2023-12-01,2016-01-01,2023-11-01,95,865774,seasonal_naive,benchmark,434305
full_period,holdout,2023-12-01,2016-01-01,2023-11-01,95,865774,ridge_log,history,916154.5737
full_period,holdout,2023-12-01,2016-01-01,2023-11-01,95,865774,random_forest_log,history,917909.143
full_period,holdout,2023-12-01,2016-01-01,2023-11-01,95,865774,hist_gradient_boosting_log,history,953964.8914
full_period,holdout,2023-12-01,2016-01-01,2023-11-01,95,865774,ridge_log,history_fx,3783727.517
full_period,holdout,2023-12-01,2016-01-01,2023-11-01,95,865774,random_forest_log,history_fx,922873.6384
full_period,holdout,2023-12-01,2016-01-01,2023-11-01,95,865774,hist_gradient_boosting_log,history_fx,1014969.883
full_period,holdout,2023-12-01,2016-01-01,2023-11-01,95,865774,ridge_log,history_interest,1712841.917
full_period,holdout,2023-12-01,2016-01-01,2023-11-01,95,865774,random_forest_log,history_interest,883424.343
full_period,holdout,2023-12-01,2016-01-01,2023-11-01,95,865774,hist_gradient_boosting_log,history_interest,892992.3085
full_period,holdout,2023-12-01,2016-01-01,2023-11-01,95,865774,ridge_log,all_signals,3243947.852
full_period,holdout,2023-12-01,2016-01-01,2023-11-01,95,865774,random_forest_log,all_signals,903996.3272
full_period,holdout,2023-12-01,2016-01-01,2023-11-01,95,865774,hist_gradient_boosting_log,all_signals,940735.3537
full_period,holdout,2024-01-01,2016-01-01,2023-12-01,96,696840,last_month,benchmark,865774
full_period,holdout,2024-01-01,2016-01-01,2023-12-01,96,696840,seasonal_naive,benchmark,312847
full_period,holdout,2024-01-01,2016-01-01,2023-12-01,96,696840,ridge_log,history,808193.2007
full_period,holdout,2024-01-01,2016-01-01,2023-12-01,96,696840,random_forest_log,history,877408.3526
full_period,holdout,2024-01-01,2016-01-01,2023-12-01,96,696840,hist_gradient_boosting_log,history,892127.3396
full_period,holdout,2024-01-01,2016-01-01,2023-12-01,96,696840,ridge_log,history_fx,2513701.765
full_period,holdout,2024-01-01,2016-01-01,2023-12-01,96,696840,random_forest_log,history_fx,868798.476
full_period,holdout,2024-01-01,2016-01-01,2023-12-01,96,696840,hist_gradient_boosting_log,history_fx,963277.5906
full_period,holdout,2024-01-01,2016-01-01,2023-12-01,96,696840,ridge_log,history_interest,1298867.844
full_period,holdout,2024-01-01,2016-01-01,2023-12-01,96,696840,random_forest_log,history_interest,811483.5961
full_period,holdout,2024-01-01,2016-01-01,2023-12-01,96,696840,hist_gradient_boosting_log,history_interest,1055339.423
full_period,holdout,2024-01-01,2016-01-01,2023-12-01,96,696840,ridge_log,all_signals,1950087.342
full_period,holdout,2024-01-01,2016-01-01,2023-12-01,96,696840,random_forest_log,all_signals,853553.611
full_period,holdout,2024-01-01,2016-01-01,2023-12-01,96,696840,hist_gradient_boosting_log,all_signals,1026380.83
full_period,holdout,2024-02-01,2016-01-01,2024-01-01,97,773941,last_month,benchmark,696840
full_period,holdout,2024-02-01,2016-01-01,2024-01-01,97,773941,seasonal_naive,benchmark,319098
full_period,holdout,2024-02-01,2016-01-01,2024-01-01,97,773941,ridge_log,history,489725.9383
full_period,holdout,2024-02-01,2016-01-01,2024-01-01,97,773941,random_forest_log,history,779738.7608
full_period,holdout,2024-02-01,2016-01-01,2024-01-01,97,773941,hist_gradient_boosting_log,history,487801.9645
full_period,holdout,2024-02-01,2016-01-01,2024-01-01,97,773941,ridge_log,history_fx,1204695.151
full_period,holdout,2024-02-01,2016-01-01,2024-01-01,97,773941,random_forest_log,history_fx,782567.3129
full_period,holdout,2024-02-01,2016-01-01,2024-01-01,97,773941,hist_gradient_boosting_log,history_fx,655442.5611
full_period,holdout,2024-02-01,2016-01-01,2024-01-01,97,773941,ridge_log,history_interest,940809.7509
full_period,holdout,2024-02-01,2016-01-01,2024-01-01,97,773941,random_forest_log,history_interest,761195.6303
full_period,holdout,2024-02-01,2016-01-01,2024-01-01,97,773941,hist_gradient_boosting_log,history_interest,509047.96
full_period,holdout,2024-02-01,2016-01-01,2024-01-01,97,773941,ridge_log,all_signals,1066180.463
full_period,holdout,2024-02-01,2016-01-01,2024-01-01,97,773941,random_forest_log,all_signals,785608.3227
full_period,holdout,2024-02-01,2016-01-01,2024-01-01,97,773941,hist_gradient_boosting_log,all_signals,645248.0202
full_period,holdout,2024-03-01,2016-01-01,2024-02-01,98,1223899,last_month,benchmark,773941
full_period,holdout,2024-03-01,2016-01-01,2024-02-01,98,1223899,seasonal_naive,benchmark,627681
full_period,holdout,2024-03-01,2016-01-01,2024-02-01,98,1223899,ridge_log,history,381403.1208
full_period,holdout,2024-03-01,2016-01-01,2024-02-01,98,1223899,random_forest_log,history,974210.5204
full_period,holdout,2024-03-01,2016-01-01,2024-02-01,98,1223899,hist_gradient_boosting_log,history,562690.355
full_period,holdout,2024-03-01,2016-01-01,2024-02-01,98,1223899,ridge_log,history_fx,1130633.68
full_period,holdout,2024-03-01,2016-01-01,2024-02-01,98,1223899,random_forest_log,history_fx,892269.2783
full_period,holdout,2024-03-01,2016-01-01,2024-02-01,98,1223899,hist_gradient_boosting_log,history_fx,721878.823
full_period,holdout,2024-03-01,2016-01-01,2024-02-01,98,1223899,ridge_log,history_interest,892889.0597
full_period,holdout,2024-03-01,2016-01-01,2024-02-01,98,1223899,random_forest_log,history_interest,838462.8583
full_period,holdout,2024-03-01,2016-01-01,2024-02-01,98,1223899,hist_gradient_boosting_log,history_interest,574202.559
full_period,holdout,2024-03-01,2016-01-01,2024-02-01,98,1223899,ridge_log,all_signals,1024637.572
full_period,holdout,2024-03-01,2016-01-01,2024-02-01,98,1223899,random_forest_log,all_signals,850003.1187
full_period,holdout,2024-03-01,2016-01-01,2024-02-01,98,1223899,hist_gradient_boosting_log,all_signals,704467.3819
full_period,holdout,2024-04-01,2016-01-01,2024-03-01,99,1233368,last_month,benchmark,1223899
full_period,holdout,2024-04-01,2016-01-01,2024-03-01,99,1233368,seasonal_naive,benchmark,736870
full_period,holdout,2024-04-01,2016-01-01,2024-03-01,99,1233368,ridge_log,history,1023803.615
full_period,holdout,2024-04-01,2016-01-01,2024-03-01,99,1233368,random_forest_log,history,1217009.283
full_period,holdout,2024-04-01,2016-01-01,2024-03-01,99,1233368,hist_gradient_boosting_log,history,1239915.818
full_period,holdout,2024-04-01,2016-01-01,2024-03-01,99,1233368,ridge_log,history_fx,2733353.617
full_period,holdout,2024-04-01,2016-01-01,2024-03-01,99,1233368,random_forest_log,history_fx,1196386.786
full_period,holdout,2024-04-01,2016-01-01,2024-03-01,99,1233368,hist_gradient_boosting_log,history_fx,1264528.181
full_period,holdout,2024-04-01,2016-01-01,2024-03-01,99,1233368,ridge_log,history_interest,2204054.997
full_period,holdout,2024-04-01,2016-01-01,2024-03-01,99,1233368,random_forest_log,history_interest,1179022.748
full_period,holdout,2024-04-01,2016-01-01,2024-03-01,99,1233368,hist_gradient_boosting_log,history_interest,1337567.315
full_period,holdout,2024-04-01,2016-01-01,2024-03-01,99,1233368,ridge_log,all_signals,2371071.321
full_period,holdout,2024-04-01,2016-01-01,2024-03-01,99,1233368,random_forest_log,all_signals,1169875.794
full_period,holdout,2024-04-01,2016-01-01,2024-03-01,99,1233368,hist_gradient_boosting_log,all_signals,1264051.475
full_period,holdout,2024-05-01,2016-01-01,2024-04-01,100,1175823,last_month,benchmark,1233368
full_period,holdout,2024-05-01,2016-01-01,2024-04-01,100,1175823,seasonal_naive,benchmark,691789
full_period,holdout,2024-05-01,2016-01-01,2024-04-01,100,1175823,ridge_log,history,1812733.455
full_period,holdout,2024-05-01,2016-01-01,2024-04-01,100,1175823,random_forest_log,history,1249233.507
full_period,holdout,2024-05-01,2016-01-01,2024-04-01,100,1175823,hist_gradient_boosting_log,history,1152506.985
full_period,holdout,2024-05-01,2016-01-01,2024-04-01,100,1175823,ridge_log,history_fx,5040897.55
full_period,holdout,2024-05-01,2016-01-01,2024-04-01,100,1175823,random_forest_log,history_fx,1228330.92
full_period,holdout,2024-05-01,2016-01-01,2024-04-01,100,1175823,hist_gradient_boosting_log,history_fx,1110518.395
full_period,holdout,2024-05-01,2016-01-01,2024-04-01,100,1175823,ridge_log,history_interest,2858537.822
full_period,holdout,2024-05-01,2016-01-01,2024-04-01,100,1175823,random_forest_log,history_interest,1202097.274
full_period,holdout,2024-05-01,2016-01-01,2024-04-01,100,1175823,hist_gradient_boosting_log,history_interest,1249207.471
full_period,holdout,2024-05-01,2016-01-01,2024-04-01,100,1175823,ridge_log,all_signals,3889301.028
full_period,holdout,2024-05-01,2016-01-01,2024-04-01,100,1175823,random_forest_log,all_signals,1173382.582
full_period,holdout,2024-05-01,2016-01-01,2024-04-01,100,1175823,hist_gradient_boosting_log,all_signals,1073677.897
full_period,holdout,2024-06-01,2016-01-01,2024-05-01,101,1191056,last_month,benchmark,1175823
full_period,holdout,2024-06-01,2016-01-01,2024-05-01,101,1191056,seasonal_naive,benchmark,789269
full_period,holdout,2024-06-01,2016-01-01,2024-05-01,101,1191056,ridge_log,history,1770599.702
full_period,holdout,2024-06-01,2016-01-01,2024-05-01,101,1191056,random_forest_log,history,1232139.45
full_period,holdout,2024-06-01,2016-01-01,2024-05-01,101,1191056,hist_gradient_boosting_log,history,1203995.257
full_period,holdout,2024-06-01,2016-01-01,2024-05-01,101,1191056,ridge_log,history_fx,6620044.144
full_period,holdout,2024-06-01,2016-01-01,2024-05-01,101,1191056,random_forest_log,history_fx,1191341.817
full_period,holdout,2024-06-01,2016-01-01,2024-05-01,101,1191056,hist_gradient_boosting_log,history_fx,1100672.953
full_period,holdout,2024-06-01,2016-01-01,2024-05-01,101,1191056,ridge_log,history_interest,2667635.679
full_period,holdout,2024-06-01,2016-01-01,2024-05-01,101,1191056,random_forest_log,history_interest,1197345.373
full_period,holdout,2024-06-01,2016-01-01,2024-05-01,101,1191056,hist_gradient_boosting_log,history_interest,1326871.44
full_period,holdout,2024-06-01,2016-01-01,2024-05-01,101,1191056,ridge_log,all_signals,4442338.382
full_period,holdout,2024-06-01,2016-01-01,2024-05-01,101,1191056,random_forest_log,all_signals,1186298.841
full_period,holdout,2024-06-01,2016-01-01,2024-05-01,101,1191056,hist_gradient_boosting_log,all_signals,1189556.692
full_period,holdout,2024-07-01,2016-01-01,2024-06-01,102,1183145,last_month,benchmark,1191056
full_period,holdout,2024-07-01,2016-01-01,2024-06-01,102,1183145,seasonal_naive,benchmark,853340
full_period,holdout,2024-07-01,2016-01-01,2024-06-01,102,1183145,ridge_log,history,1649378.988
full_period,holdout,2024-07-01,2016-01-01,2024-06-01,102,1183145,random_forest_log,history,1213482.237
full_period,holdout,2024-07-01,2016-01-01,2024-06-01,102,1183145,hist_gradient_boosting_log,history,1215187.248
full_period,holdout,2024-07-01,2016-01-01,2024-06-01,102,1183145,ridge_log,history_fx,6869870.561
full_period,holdout,2024-07-01,2016-01-01,2024-06-01,102,1183145,random_forest_log,history_fx,1192065.604
full_period,holdout,2024-07-01,2016-01-01,2024-06-01,102,1183145,hist_gradient_boosting_log,history_fx,1157799.993
full_period,holdout,2024-07-01,2016-01-01,2024-06-01,102,1183145,ridge_log,history_interest,2181021.432
full_period,holdout,2024-07-01,2016-01-01,2024-06-01,102,1183145,random_forest_log,history_interest,1194004.917
full_period,holdout,2024-07-01,2016-01-01,2024-06-01,102,1183145,hist_gradient_boosting_log,history_interest,1147585.576
full_period,holdout,2024-07-01,2016-01-01,2024-06-01,102,1183145,ridge_log,all_signals,4252310.078
full_period,holdout,2024-07-01,2016-01-01,2024-06-01,102,1183145,random_forest_log,all_signals,1182210.549
full_period,holdout,2024-07-01,2016-01-01,2024-06-01,102,1183145,hist_gradient_boosting_log,all_signals,1107046.32
full_period,holdout,2024-08-01,2016-01-01,2024-07-01,103,1245119,last_month,benchmark,1183145
full_period,holdout,2024-08-01,2016-01-01,2024-07-01,103,1245119,seasonal_naive,benchmark,839458
full_period,holdout,2024-08-01,2016-01-01,2024-07-01,103,1245119,ridge_log,history,1620720.122
full_period,holdout,2024-08-01,2016-01-01,2024-07-01,103,1245119,random_forest_log,history,1222124.855
full_period,holdout,2024-08-01,2016-01-01,2024-07-01,103,1245119,hist_gradient_boosting_log,history,1207625.924
full_period,holdout,2024-08-01,2016-01-01,2024-07-01,103,1245119,ridge_log,history_fx,4655458.646
full_period,holdout,2024-08-01,2016-01-01,2024-07-01,103,1245119,random_forest_log,history_fx,1190946.652
full_period,holdout,2024-08-01,2016-01-01,2024-07-01,103,1245119,hist_gradient_boosting_log,history_fx,1166243.145
full_period,holdout,2024-08-01,2016-01-01,2024-07-01,103,1245119,ridge_log,history_interest,2379278.903
full_period,holdout,2024-08-01,2016-01-01,2024-07-01,103,1245119,random_forest_log,history_interest,1194528.186
full_period,holdout,2024-08-01,2016-01-01,2024-07-01,103,1245119,hist_gradient_boosting_log,history_interest,1395732.608
full_period,holdout,2024-08-01,2016-01-01,2024-07-01,103,1245119,ridge_log,all_signals,3639229.467
full_period,holdout,2024-08-01,2016-01-01,2024-07-01,103,1245119,random_forest_log,all_signals,1183824.625
full_period,holdout,2024-08-01,2016-01-01,2024-07-01,103,1245119,hist_gradient_boosting_log,all_signals,1207149.863
full_period,holdout,2024-09-01,2016-01-01,2024-08-01,104,1186832,last_month,benchmark,1245119
full_period,holdout,2024-09-01,2016-01-01,2024-08-01,104,1186832,seasonal_naive,benchmark,901891
full_period,holdout,2024-09-01,2016-01-01,2024-08-01,104,1186832,ridge_log,history,1764159.439
full_period,holdout,2024-09-01,2016-01-01,2024-08-01,104,1186832,random_forest_log,history,1221765.547
full_period,holdout,2024-09-01,2016-01-01,2024-08-01,104,1186832,hist_gradient_boosting_log,history,1211103.914
full_period,holdout,2024-09-01,2016-01-01,2024-08-01,104,1186832,ridge_log,history_fx,3534262.693
full_period,holdout,2024-09-01,2016-01-01,2024-08-01,104,1186832,random_forest_log,history_fx,1207590.029
full_period,holdout,2024-09-01,2016-01-01,2024-08-01,104,1186832,hist_gradient_boosting_log,history_fx,1170350.468
full_period,holdout,2024-09-01,2016-01-01,2024-08-01,104,1186832,ridge_log,history_interest,2950168.622
full_period,holdout,2024-09-01,2016-01-01,2024-08-01,104,1186832,random_forest_log,history_interest,1210878.891
full_period,holdout,2024-09-01,2016-01-01,2024-08-01,104,1186832,hist_gradient_boosting_log,history_interest,1347996.91
full_period,holdout,2024-09-01,2016-01-01,2024-08-01,104,1186832,ridge_log,all_signals,2898964.61
full_period,holdout,2024-09-01,2016-01-01,2024-08-01,104,1186832,random_forest_log,all_signals,1200818.33
full_period,holdout,2024-09-01,2016-01-01,2024-08-01,104,1186832,hist_gradient_boosting_log,all_signals,1198398.517
full_period,holdout,2024-10-01,2016-01-01,2024-09-01,105,1363685,last_month,benchmark,1186832
full_period,holdout,2024-10-01,2016-01-01,2024-09-01,105,1363685,seasonal_naive,benchmark,1009849
full_period,holdout,2024-10-01,2016-01-01,2024-09-01,105,1363685,ridge_log,history,1487960.077
full_period,holdout,2024-10-01,2016-01-01,2024-09-01,105,1363685,random_forest_log,history,1224001.561
full_period,holdout,2024-10-01,2016-01-01,2024-09-01,105,1363685,hist_gradient_boosting_log,history,1138427.081
full_period,holdout,2024-10-01,2016-01-01,2024-09-01,105,1363685,ridge_log,history_fx,2227942.649
full_period,holdout,2024-10-01,2016-01-01,2024-09-01,105,1363685,random_forest_log,history_fx,1192294.925
full_period,holdout,2024-10-01,2016-01-01,2024-09-01,105,1363685,hist_gradient_boosting_log,history_fx,1156614.873
full_period,holdout,2024-10-01,2016-01-01,2024-09-01,105,1363685,ridge_log,history_interest,2420258.888
full_period,holdout,2024-10-01,2016-01-01,2024-09-01,105,1363685,random_forest_log,history_interest,1204290.381
full_period,holdout,2024-10-01,2016-01-01,2024-09-01,105,1363685,hist_gradient_boosting_log,history_interest,1291383.939
full_period,holdout,2024-10-01,2016-01-01,2024-09-01,105,1363685,ridge_log,all_signals,1933853.808
full_period,holdout,2024-10-01,2016-01-01,2024-09-01,105,1363685,random_forest_log,all_signals,1195118.136
full_period,holdout,2024-10-01,2016-01-01,2024-09-01,105,1363685,hist_gradient_boosting_log,all_signals,1175764.939
full_period,holdout,2024-11-01,2016-01-01,2024-10-01,106,1144106,last_month,benchmark,1363685
full_period,holdout,2024-11-01,2016-01-01,2024-10-01,106,1144106,seasonal_naive,benchmark,933033
full_period,holdout,2024-11-01,2016-01-01,2024-10-01,106,1144106,ridge_log,history,2253239.81
full_period,holdout,2024-11-01,2016-01-01,2024-10-01,106,1144106,random_forest_log,history,1145155.383
full_period,holdout,2024-11-01,2016-01-01,2024-10-01,106,1144106,hist_gradient_boosting_log,history,1149610.912
full_period,holdout,2024-11-01,2016-01-01,2024-10-01,106,1144106,ridge_log,history_fx,3581956.776
full_period,holdout,2024-11-01,2016-01-01,2024-10-01,106,1144106,random_forest_log,history_fx,1185870.869
full_period,holdout,2024-11-01,2016-01-01,2024-10-01,106,1144106,hist_gradient_boosting_log,history_fx,1196067.783
full_period,holdout,2024-11-01,2016-01-01,2024-10-01,106,1144106,ridge_log,history_interest,3357077.433
full_period,holdout,2024-11-01,2016-01-01,2024-10-01,106,1144106,random_forest_log,history_interest,1164973.126
full_period,holdout,2024-11-01,2016-01-01,2024-10-01,106,1144106,hist_gradient_boosting_log,history_interest,1297273.011
full_period,holdout,2024-11-01,2016-01-01,2024-10-01,106,1144106,ridge_log,all_signals,3270730.753
full_period,holdout,2024-11-01,2016-01-01,2024-10-01,106,1144106,random_forest_log,all_signals,1183441.17
full_period,holdout,2024-11-01,2016-01-01,2024-10-01,106,1144106,hist_gradient_boosting_log,all_signals,1227841.726
full_period,holdout,2024-12-01,2016-01-01,2024-11-01,107,1068024,last_month,benchmark,1144106
full_period,holdout,2024-12-01,2016-01-01,2024-11-01,107,1068024,seasonal_naive,benchmark,865774
full_period,holdout,2024-12-01,2016-01-01,2024-11-01,107,1068024,ridge_log,history,1647770.437
full_period,holdout,2024-12-01,2016-01-01,2024-11-01,107,1068024,random_forest_log,history,1142081.726
full_period,holdout,2024-12-01,2016-01-01,2024-11-01,107,1068024,hist_gradient_boosting_log,history,1113108.354
full_period,holdout,2024-12-01,2016-01-01,2024-11-01,107,1068024,ridge_log,history_fx,2412209.619
full_period,holdout,2024-12-01,2016-01-01,2024-11-01,107,1068024,random_forest_log,history_fx,1168215.752
full_period,holdout,2024-12-01,2016-01-01,2024-11-01,107,1068024,hist_gradient_boosting_log,history_fx,1156934.542
full_period,holdout,2024-12-01,2016-01-01,2024-11-01,107,1068024,ridge_log,history_interest,2287992.848
full_period,holdout,2024-12-01,2016-01-01,2024-11-01,107,1068024,random_forest_log,history_interest,1158765.52
full_period,holdout,2024-12-01,2016-01-01,2024-11-01,107,1068024,hist_gradient_boosting_log,history_interest,1207346.237
full_period,holdout,2024-12-01,2016-01-01,2024-11-01,107,1068024,ridge_log,all_signals,2241374.947
full_period,holdout,2024-12-01,2016-01-01,2024-11-01,107,1068024,random_forest_log,all_signals,1180392.272
full_period,holdout,2024-12-01,2016-01-01,2024-11-01,107,1068024,hist_gradient_boosting_log,all_signals,1145743.149
full_period,holdout,2025-01-01,2016-01-01,2024-12-01,108,912811,last_month,benchmark,1068024
full_period,holdout,2025-01-01,2016-01-01,2024-12-01,108,912811,seasonal_naive,benchmark,696840
full_period,holdout,2025-01-01,2016-01-01,2024-12-01,108,912811,ridge_log,history,1340510.416
full_period,holdout,2025-01-01,2016-01-01,2024-12-01,108,912811,random_forest_log,history,920126.1163
full_period,holdout,2025-01-01,2016-01-01,2024-12-01,108,912811,hist_gradient_boosting_log,history,906273.9868
full_period,holdout,2025-01-01,2016-01-01,2024-12-01,108,912811,ridge_log,history_fx,1449365.155
full_period,holdout,2025-01-01,2016-01-01,2024-12-01,108,912811,random_forest_log,history_fx,925107.3435
full_period,holdout,2025-01-01,2016-01-01,2024-12-01,108,912811,hist_gradient_boosting_log,history_fx,992117.5776
full_period,holdout,2025-01-01,2016-01-01,2024-12-01,108,912811,ridge_log,history_interest,1966361.742
full_period,holdout,2025-01-01,2016-01-01,2024-12-01,108,912811,random_forest_log,history_interest,913993.1192
full_period,holdout,2025-01-01,2016-01-01,2024-12-01,108,912811,hist_gradient_boosting_log,history_interest,992799.9649
full_period,holdout,2025-01-01,2016-01-01,2024-12-01,108,912811,ridge_log,all_signals,1743784.67
full_period,holdout,2025-01-01,2016-01-01,2024-12-01,108,912811,random_forest_log,all_signals,931891.5698
full_period,holdout,2025-01-01,2016-01-01,2024-12-01,108,912811,hist_gradient_boosting_log,all_signals,1012011.582
full_period,holdout,2025-02-01,2016-01-01,2025-01-01,109,833733,last_month,benchmark,912811
full_period,holdout,2025-02-01,2016-01-01,2025-01-01,109,833733,seasonal_naive,benchmark,773941
full_period,holdout,2025-02-01,2016-01-01,2025-01-01,109,833733,ridge_log,history,751410.3152
full_period,holdout,2025-02-01,2016-01-01,2025-01-01,109,833733,random_forest_log,history,885227.1996
full_period,holdout,2025-02-01,2016-01-01,2025-01-01,109,833733,hist_gradient_boosting_log,history,892972.1867
full_period,holdout,2025-02-01,2016-01-01,2025-01-01,109,833733,ridge_log,history_fx,845478.7262
full_period,holdout,2025-02-01,2016-01-01,2025-01-01,109,833733,random_forest_log,history_fx,886565.6298
full_period,holdout,2025-02-01,2016-01-01,2025-01-01,109,833733,hist_gradient_boosting_log,history_fx,954559.8123
full_period,holdout,2025-02-01,2016-01-01,2025-01-01,109,833733,ridge_log,history_interest,887354.9721
full_period,holdout,2025-02-01,2016-01-01,2025-01-01,109,833733,random_forest_log,history_interest,831830.1583
full_period,holdout,2025-02-01,2016-01-01,2025-01-01,109,833733,hist_gradient_boosting_log,history_interest,1021578.347
full_period,holdout,2025-02-01,2016-01-01,2025-01-01,109,833733,ridge_log,all_signals,875420.8126
full_period,holdout,2025-02-01,2016-01-01,2025-01-01,109,833733,random_forest_log,all_signals,869804.3735
full_period,holdout,2025-02-01,2016-01-01,2025-01-01,109,833733,hist_gradient_boosting_log,all_signals,971003.6361
full_period,holdout,2025-03-01,2016-01-01,2025-02-01,110,1327123,last_month,benchmark,833733
full_period,holdout,2025-03-01,2016-01-01,2025-02-01,110,1327123,seasonal_naive,benchmark,1223899
full_period,holdout,2025-03-01,2016-01-01,2025-02-01,110,1327123,ridge_log,history,374886.0432
full_period,holdout,2025-03-01,2016-01-01,2025-02-01,110,1327123,random_forest_log,history,1051782.852
full_period,holdout,2025-03-01,2016-01-01,2025-02-01,110,1327123,hist_gradient_boosting_log,history,774048.7292
full_period,holdout,2025-03-01,2016-01-01,2025-02-01,110,1327123,ridge_log,history_fx,452088.0123
full_period,holdout,2025-03-01,2016-01-01,2025-02-01,110,1327123,random_forest_log,history_fx,1005365.764
full_period,holdout,2025-03-01,2016-01-01,2025-02-01,110,1327123,hist_gradient_boosting_log,history_fx,915076.2163
full_period,holdout,2025-03-01,2016-01-01,2025-02-01,110,1327123,ridge_log,history_interest,678282.7101
full_period,holdout,2025-03-01,2016-01-01,2025-02-01,110,1327123,random_forest_log,history_interest,991253.042
full_period,holdout,2025-03-01,2016-01-01,2025-02-01,110,1327123,hist_gradient_boosting_log,history_interest,831100.3686
full_period,holdout,2025-03-01,2016-01-01,2025-02-01,110,1327123,ridge_log,all_signals,608722.4148
full_period,holdout,2025-03-01,2016-01-01,2025-02-01,110,1327123,random_forest_log,all_signals,1007753.946
full_period,holdout,2025-03-01,2016-01-01,2025-02-01,110,1327123,hist_gradient_boosting_log,all_signals,894768.6331
full_period,holdout,2025-04-01,2016-01-01,2025-03-01,111,1450274,last_month,benchmark,1327123
full_period,holdout,2025-04-01,2016-01-01,2025-03-01,111,1450274,seasonal_naive,benchmark,1233368
full_period,holdout,2025-04-01,2016-01-01,2025-03-01,111,1450274,ridge_log,history,1026166.759
full_period,holdout,2025-04-01,2016-01-01,2025-03-01,111,1450274,random_forest_log,history,1287801.182
full_period,holdout,2025-04-01,2016-01-01,2025-03-01,111,1450274,hist_gradient_boosting_log,history,1047474.41
full_period,holdout,2025-04-01,2016-01-01,2025-03-01,111,1450274,ridge_log,history_fx,894429.6839
full_period,holdout,2025-04-01,2016-01-01,2025-03-01,111,1450274,random_forest_log,history_fx,1233853.108
full_period,holdout,2025-04-01,2016-01-01,2025-03-01,111,1450274,hist_gradient_boosting_log,history_fx,1172860.753
full_period,holdout,2025-04-01,2016-01-01,2025-03-01,111,1450274,ridge_log,history_interest,1553417.013
full_period,holdout,2025-04-01,2016-01-01,2025-03-01,111,1450274,random_forest_log,history_interest,1229876.804
full_period,holdout,2025-04-01,2016-01-01,2025-03-01,111,1450274,hist_gradient_boosting_log,history_interest,1180341.295
full_period,holdout,2025-04-01,2016-01-01,2025-03-01,111,1450274,ridge_log,all_signals,1031771.166
full_period,holdout,2025-04-01,2016-01-01,2025-03-01,111,1450274,random_forest_log,all_signals,1220782.93
full_period,holdout,2025-04-01,2016-01-01,2025-03-01,111,1450274,hist_gradient_boosting_log,all_signals,1165695.985
full_period,holdout,2025-05-01,2016-01-01,2025-04-01,112,1353687,last_month,benchmark,1450274
full_period,holdout,2025-05-01,2016-01-01,2025-04-01,112,1353687,seasonal_naive,benchmark,1175823
full_period,holdout,2025-05-01,2016-01-01,2025-04-01,112,1353687,ridge_log,history,2253434.317
full_period,holdout,2025-05-01,2016-01-01,2025-04-01,112,1353687,random_forest_log,history,1299990.973
full_period,holdout,2025-05-01,2016-01-01,2025-04-01,112,1353687,hist_gradient_boosting_log,history,996506.6138
full_period,holdout,2025-05-01,2016-01-01,2025-04-01,112,1353687,ridge_log,history_fx,1562263.47
full_period,holdout,2025-05-01,2016-01-01,2025-04-01,112,1353687,random_forest_log,history_fx,1325363.256
full_period,holdout,2025-05-01,2016-01-01,2025-04-01,112,1353687,hist_gradient_boosting_log,history_fx,1167113.357
full_period,holdout,2025-05-01,2016-01-01,2025-04-01,112,1353687,ridge_log,history_interest,2477477.705
full_period,holdout,2025-05-01,2016-01-01,2025-04-01,112,1353687,random_forest_log,history_interest,1286688.384
full_period,holdout,2025-05-01,2016-01-01,2025-04-01,112,1353687,hist_gradient_boosting_log,history_interest,1142607.216
full_period,holdout,2025-05-01,2016-01-01,2025-04-01,112,1353687,ridge_log,all_signals,1576365.989
full_period,holdout,2025-05-01,2016-01-01,2025-04-01,112,1353687,random_forest_log,all_signals,1308992.408
full_period,holdout,2025-05-01,2016-01-01,2025-04-01,112,1353687,hist_gradient_boosting_log,all_signals,1170142.679
full_period,holdout,2025-06-01,2016-01-01,2025-05-01,113,1370788,last_month,benchmark,1353687
full_period,holdout,2025-06-01,2016-01-01,2025-05-01,113,1370788,seasonal_naive,benchmark,1191056
full_period,holdout,2025-06-01,2016-01-01,2025-05-01,113,1370788,ridge_log,history,2383403.217
full_period,holdout,2025-06-01,2016-01-01,2025-05-01,113,1370788,random_forest_log,history,1335688.079
full_period,holdout,2025-06-01,2016-01-01,2025-05-01,113,1370788,hist_gradient_boosting_log,history,1016403.238
full_period,holdout,2025-06-01,2016-01-01,2025-05-01,113,1370788,ridge_log,history_fx,1909142.338
full_period,holdout,2025-06-01,2016-01-01,2025-05-01,113,1370788,random_forest_log,history_fx,1357393.438
full_period,holdout,2025-06-01,2016-01-01,2025-05-01,113,1370788,hist_gradient_boosting_log,history_fx,1178487.366
full_period,holdout,2025-06-01,2016-01-01,2025-05-01,113,1370788,ridge_log,history_interest,2204560.384
full_period,holdout,2025-06-01,2016-01-01,2025-05-01,113,1370788,random_forest_log,history_interest,1338882.765
full_period,holdout,2025-06-01,2016-01-01,2025-05-01,113,1370788,hist_gradient_boosting_log,history_interest,1168156.88
full_period,holdout,2025-06-01,2016-01-01,2025-05-01,113,1370788,ridge_log,all_signals,1535344.055
full_period,holdout,2025-06-01,2016-01-01,2025-05-01,113,1370788,random_forest_log,all_signals,1344991.499
full_period,holdout,2025-06-01,2016-01-01,2025-05-01,113,1370788,hist_gradient_boosting_log,all_signals,1186967.807
full_period,holdout,2025-07-01,2016-01-01,2025-06-01,114,1484970,last_month,benchmark,1370788
full_period,holdout,2025-07-01,2016-01-01,2025-06-01,114,1484970,seasonal_naive,benchmark,1183145
full_period,holdout,2025-07-01,2016-01-01,2025-06-01,114,1484970,ridge_log,history,2333619.641
full_period,holdout,2025-07-01,2016-01-01,2025-06-01,114,1484970,random_forest_log,history,1353874.768
full_period,holdout,2025-07-01,2016-01-01,2025-06-01,114,1484970,hist_gradient_boosting_log,history,1104730.6
full_period,holdout,2025-07-01,2016-01-01,2025-06-01,114,1484970,ridge_log,history_fx,2022477.841
full_period,holdout,2025-07-01,2016-01-01,2025-06-01,114,1484970,random_forest_log,history_fx,1363599.055
full_period,holdout,2025-07-01,2016-01-01,2025-06-01,114,1484970,hist_gradient_boosting_log,history_fx,1190781.265
full_period,holdout,2025-07-01,2016-01-01,2025-06-01,114,1484970,ridge_log,history_interest,2103296.854
full_period,holdout,2025-07-01,2016-01-01,2025-06-01,114,1484970,random_forest_log,history_interest,1352775.798
full_period,holdout,2025-07-01,2016-01-01,2025-06-01,114,1484970,hist_gradient_boosting_log,history_interest,1158004.833
full_period,holdout,2025-07-01,2016-01-01,2025-06-01,114,1484970,ridge_log,all_signals,1553400.394
full_period,holdout,2025-07-01,2016-01-01,2025-06-01,114,1484970,random_forest_log,all_signals,1360985.8
full_period,holdout,2025-07-01,2016-01-01,2025-06-01,114,1484970,hist_gradient_boosting_log,all_signals,1193175.871
full_period,holdout,2025-08-01,2016-01-01,2025-07-01,115,1480051,last_month,benchmark,1484970
full_period,holdout,2025-08-01,2016-01-01,2025-07-01,115,1480051,seasonal_naive,benchmark,1245119
full_period,holdout,2025-08-01,2016-01-01,2025-07-01,115,1480051,ridge_log,history,2726350.32
full_period,holdout,2025-08-01,2016-01-01,2025-07-01,115,1480051,random_forest_log,history,1403427.016
full_period,holdout,2025-08-01,2016-01-01,2025-07-01,115,1480051,hist_gradient_boosting_log,history,1133462.105
full_period,holdout,2025-08-01,2016-01-01,2025-07-01,115,1480051,ridge_log,history_fx,3271010.514
full_period,holdout,2025-08-01,2016-01-01,2025-07-01,115,1480051,random_forest_log,history_fx,1392945.254
full_period,holdout,2025-08-01,2016-01-01,2025-07-01,115,1480051,hist_gradient_boosting_log,history_fx,1220298.866
full_period,holdout,2025-08-01,2016-01-01,2025-07-01,115,1480051,ridge_log,history_interest,1519151.528
full_period,holdout,2025-08-01,2016-01-01,2025-07-01,115,1480051,random_forest_log,history_interest,1330459.373
full_period,holdout,2025-08-01,2016-01-01,2025-07-01,115,1480051,hist_gradient_boosting_log,history_interest,1214496.346
full_period,holdout,2025-08-01,2016-01-01,2025-07-01,115,1480051,ridge_log,all_signals,1332495.485
full_period,holdout,2025-08-01,2016-01-01,2025-07-01,115,1480051,random_forest_log,all_signals,1336444.555
full_period,holdout,2025-08-01,2016-01-01,2025-07-01,115,1480051,hist_gradient_boosting_log,all_signals,1240172.22
full_period,holdout,2025-09-01,2016-01-01,2025-08-01,116,1432891,last_month,benchmark,1480051
full_period,holdout,2025-09-01,2016-01-01,2025-08-01,116,1432891,seasonal_naive,benchmark,1186832
full_period,holdout,2025-09-01,2016-01-01,2025-08-01,116,1432891,ridge_log,history,3073843.184
full_period,holdout,2025-09-01,2016-01-01,2025-08-01,116,1432891,random_forest_log,history,1423594.716
full_period,holdout,2025-09-01,2016-01-01,2025-08-01,116,1432891,hist_gradient_boosting_log,history,1379268.539
full_period,holdout,2025-09-01,2016-01-01,2025-08-01,116,1432891,ridge_log,history_fx,3755557.04
full_period,holdout,2025-09-01,2016-01-01,2025-08-01,116,1432891,random_forest_log,history_fx,1350932.596
full_period,holdout,2025-09-01,2016-01-01,2025-08-01,116,1432891,hist_gradient_boosting_log,history_fx,1366732.338
full_period,holdout,2025-09-01,2016-01-01,2025-08-01,116,1432891,ridge_log,history_interest,3111863.277
full_period,holdout,2025-09-01,2016-01-01,2025-08-01,116,1432891,random_forest_log,history_interest,1428597.921
full_period,holdout,2025-09-01,2016-01-01,2025-08-01,116,1432891,hist_gradient_boosting_log,history_interest,1467785.711
full_period,holdout,2025-09-01,2016-01-01,2025-08-01,116,1432891,ridge_log,all_signals,1880878.072
full_period,holdout,2025-09-01,2016-01-01,2025-08-01,116,1432891,random_forest_log,all_signals,1354218.864
full_period,holdout,2025-09-01,2016-01-01,2025-08-01,116,1432891,hist_gradient_boosting_log,all_signals,1414294.264
recovery_period,development,2024-07-01,2022-07-01,2024-06-01,24,1183145,last_month,benchmark,1191056
recovery_period,development,2024-07-01,2022-07-01,2024-06-01,24,1183145,seasonal_naive,benchmark,853340
recovery_period,development,2024-07-01,2022-07-01,2024-06-01,24,1183145,ridge_log,history,1426531.097
recovery_period,development,2024-07-01,2022-07-01,2024-06-01,24,1183145,random_forest_log,history,1155153.153
recovery_period,development,2024-07-01,2022-07-01,2024-06-01,24,1183145,hist_gradient_boosting_log,history,597096.7486
recovery_period,development,2024-07-01,2022-07-01,2024-06-01,24,1183145,ridge_log,history_fx,1301720.764
recovery_period,development,2024-07-01,2022-07-01,2024-06-01,24,1183145,random_forest_log,history_fx,1104284.225
recovery_period,development,2024-07-01,2022-07-01,2024-06-01,24,1183145,hist_gradient_boosting_log,history_fx,597096.7486
recovery_period,development,2024-07-01,2022-07-01,2024-06-01,24,1183145,ridge_log,history_interest,1029864.425
recovery_period,development,2024-07-01,2022-07-01,2024-06-01,24,1183145,random_forest_log,history_interest,1084759.491
recovery_period,development,2024-07-01,2022-07-01,2024-06-01,24,1183145,hist_gradient_boosting_log,history_interest,597096.7486
recovery_period,development,2024-07-01,2022-07-01,2024-06-01,24,1183145,ridge_log,all_signals,1130952.39
recovery_period,development,2024-07-01,2022-07-01,2024-06-01,24,1183145,random_forest_log,all_signals,1089619.967
recovery_period,development,2024-07-01,2022-07-01,2024-06-01,24,1183145,hist_gradient_boosting_log,all_signals,597096.7486
recovery_period,development,2024-08-01,2022-07-01,2024-07-01,25,1245119,last_month,benchmark,1183145
recovery_period,development,2024-08-01,2022-07-01,2024-07-01,25,1245119,seasonal_naive,benchmark,839458
recovery_period,development,2024-08-01,2022-07-01,2024-07-01,25,1245119,ridge_log,history,1264072.12
recovery_period,development,2024-08-01,2022-07-01,2024-07-01,25,1245119,random_forest_log,history,1171301.179
recovery_period,development,2024-08-01,2022-07-01,2024-07-01,25,1245119,hist_gradient_boosting_log,history,613655.2332
recovery_period,development,2024-08-01,2022-07-01,2024-07-01,25,1245119,ridge_log,history_fx,1275462.004
recovery_period,development,2024-08-01,2022-07-01,2024-07-01,25,1245119,random_forest_log,history_fx,1160496.364
recovery_period,development,2024-08-01,2022-07-01,2024-07-01,25,1245119,hist_gradient_boosting_log,history_fx,613655.2332
recovery_period,development,2024-08-01,2022-07-01,2024-07-01,25,1245119,ridge_log,history_interest,1080114.825
recovery_period,development,2024-08-01,2022-07-01,2024-07-01,25,1245119,random_forest_log,history_interest,1065011.812
recovery_period,development,2024-08-01,2022-07-01,2024-07-01,25,1245119,hist_gradient_boosting_log,history_interest,613655.2332
recovery_period,development,2024-08-01,2022-07-01,2024-07-01,25,1245119,ridge_log,all_signals,1201423.87
recovery_period,development,2024-08-01,2022-07-01,2024-07-01,25,1245119,random_forest_log,all_signals,1140987.173
recovery_period,development,2024-08-01,2022-07-01,2024-07-01,25,1245119,hist_gradient_boosting_log,all_signals,613655.2332
recovery_period,development,2024-09-01,2022-07-01,2024-08-01,26,1186832,last_month,benchmark,1245119
recovery_period,development,2024-09-01,2022-07-01,2024-08-01,26,1186832,seasonal_naive,benchmark,901891
recovery_period,development,2024-09-01,2022-07-01,2024-08-01,26,1186832,ridge_log,history,1290523.376
recovery_period,development,2024-09-01,2022-07-01,2024-08-01,26,1186832,random_forest_log,history,1198583.483
recovery_period,development,2024-09-01,2022-07-01,2024-08-01,26,1186832,hist_gradient_boosting_log,history,630584.303
recovery_period,development,2024-09-01,2022-07-01,2024-08-01,26,1186832,ridge_log,history_fx,1256993.045
recovery_period,development,2024-09-01,2022-07-01,2024-08-01,26,1186832,random_forest_log,history_fx,1117932.736
recovery_period,development,2024-09-01,2022-07-01,2024-08-01,26,1186832,hist_gradient_boosting_log,history_fx,630584.303
recovery_period,development,2024-09-01,2022-07-01,2024-08-01,26,1186832,ridge_log,history_interest,1352748.19
recovery_period,development,2024-09-01,2022-07-01,2024-08-01,26,1186832,random_forest_log,history_interest,1157113.248
recovery_period,development,2024-09-01,2022-07-01,2024-08-01,26,1186832,hist_gradient_boosting_log,history_interest,630584.303
recovery_period,development,2024-09-01,2022-07-01,2024-08-01,26,1186832,ridge_log,all_signals,1349154.431
recovery_period,development,2024-09-01,2022-07-01,2024-08-01,26,1186832,random_forest_log,all_signals,1138386.456
recovery_period,development,2024-09-01,2022-07-01,2024-08-01,26,1186832,hist_gradient_boosting_log,all_signals,630584.303
recovery_period,development,2024-10-01,2022-07-01,2024-09-01,27,1363685,last_month,benchmark,1186832
recovery_period,development,2024-10-01,2022-07-01,2024-09-01,27,1363685,seasonal_naive,benchmark,1009849
recovery_period,development,2024-10-01,2022-07-01,2024-09-01,27,1363685,ridge_log,history,1276336.849
recovery_period,development,2024-10-01,2022-07-01,2024-09-01,27,1363685,random_forest_log,history,1187786.447
recovery_period,development,2024-10-01,2022-07-01,2024-09-01,27,1363685,hist_gradient_boosting_log,history,645528.2267
recovery_period,development,2024-10-01,2022-07-01,2024-09-01,27,1363685,ridge_log,history_fx,1226653.389
recovery_period,development,2024-10-01,2022-07-01,2024-09-01,27,1363685,random_forest_log,history_fx,1005430.049
recovery_period,development,2024-10-01,2022-07-01,2024-09-01,27,1363685,hist_gradient_boosting_log,history_fx,645528.2267
recovery_period,development,2024-10-01,2022-07-01,2024-09-01,27,1363685,ridge_log,history_interest,1108038.218
recovery_period,development,2024-10-01,2022-07-01,2024-09-01,27,1363685,random_forest_log,history_interest,1148503.456
recovery_period,development,2024-10-01,2022-07-01,2024-09-01,27,1363685,hist_gradient_boosting_log,history_interest,645528.2267
recovery_period,development,2024-10-01,2022-07-01,2024-09-01,27,1363685,ridge_log,all_signals,1110173.139
recovery_period,development,2024-10-01,2022-07-01,2024-09-01,27,1363685,random_forest_log,all_signals,1033325.675
recovery_period,development,2024-10-01,2022-07-01,2024-09-01,27,1363685,hist_gradient_boosting_log,all_signals,645528.2267
recovery_period,development,2024-11-01,2022-07-01,2024-10-01,28,1144106,last_month,benchmark,1363685
recovery_period,development,2024-11-01,2022-07-01,2024-10-01,28,1144106,seasonal_naive,benchmark,933033
recovery_period,development,2024-11-01,2022-07-01,2024-10-01,28,1144106,ridge_log,history,1458333.643
recovery_period,development,2024-11-01,2022-07-01,2024-10-01,28,1144106,random_forest_log,history,1207489.1
recovery_period,development,2024-11-01,2022-07-01,2024-10-01,28,1144106,hist_gradient_boosting_log,history,663002.5525
recovery_period,development,2024-11-01,2022-07-01,2024-10-01,28,1144106,ridge_log,history_fx,1417448.785
recovery_period,development,2024-11-01,2022-07-01,2024-10-01,28,1144106,random_forest_log,history_fx,1195356.688
recovery_period,development,2024-11-01,2022-07-01,2024-10-01,28,1144106,hist_gradient_boosting_log,history_fx,663002.5525
recovery_period,development,2024-11-01,2022-07-01,2024-10-01,28,1144106,ridge_log,history_interest,1452209.961
recovery_period,development,2024-11-01,2022-07-01,2024-10-01,28,1144106,random_forest_log,history_interest,1210463.821
recovery_period,development,2024-11-01,2022-07-01,2024-10-01,28,1144106,hist_gradient_boosting_log,history_interest,663002.5525
recovery_period,development,2024-11-01,2022-07-01,2024-10-01,28,1144106,ridge_log,all_signals,1412609.112
recovery_period,development,2024-11-01,2022-07-01,2024-10-01,28,1144106,random_forest_log,all_signals,1190454.759
recovery_period,development,2024-11-01,2022-07-01,2024-10-01,28,1144106,hist_gradient_boosting_log,all_signals,663002.5525
recovery_period,development,2024-12-01,2022-07-01,2024-11-01,29,1068024,last_month,benchmark,1144106
recovery_period,development,2024-12-01,2022-07-01,2024-11-01,29,1068024,seasonal_naive,benchmark,865774
recovery_period,development,2024-12-01,2022-07-01,2024-11-01,29,1068024,ridge_log,history,1345957.914
recovery_period,development,2024-12-01,2022-07-01,2024-11-01,29,1068024,random_forest_log,history,1239892.135
recovery_period,development,2024-12-01,2022-07-01,2024-11-01,29,1068024,hist_gradient_boosting_log,history,675594.2263
recovery_period,development,2024-12-01,2022-07-01,2024-11-01,29,1068024,ridge_log,history_fx,1319047.293
recovery_period,development,2024-12-01,2022-07-01,2024-11-01,29,1068024,random_forest_log,history_fx,1186377.583
recovery_period,development,2024-12-01,2022-07-01,2024-11-01,29,1068024,hist_gradient_boosting_log,history_fx,675594.2263
recovery_period,development,2024-12-01,2022-07-01,2024-11-01,29,1068024,ridge_log,history_interest,1270747.483
recovery_period,development,2024-12-01,2022-07-01,2024-11-01,29,1068024,random_forest_log,history_interest,1197774.128
recovery_period,development,2024-12-01,2022-07-01,2024-11-01,29,1068024,hist_gradient_boosting_log,history_interest,675594.2263
recovery_period,development,2024-12-01,2022-07-01,2024-11-01,29,1068024,ridge_log,all_signals,1213276.438
recovery_period,development,2024-12-01,2022-07-01,2024-11-01,29,1068024,random_forest_log,all_signals,1168700.676
recovery_period,development,2024-12-01,2022-07-01,2024-11-01,29,1068024,hist_gradient_boosting_log,all_signals,675594.2263
recovery_period,development,2025-01-01,2022-07-01,2024-12-01,30,912811,last_month,benchmark,1068024
recovery_period,development,2025-01-01,2022-07-01,2024-12-01,30,912811,seasonal_naive,benchmark,696840
recovery_period,development,2025-01-01,2022-07-01,2024-12-01,30,912811,ridge_log,history,1279990.056
recovery_period,development,2025-01-01,2022-07-01,2024-12-01,30,912811,random_forest_log,history,1104913.77
recovery_period,development,2025-01-01,2022-07-01,2024-12-01,30,912811,hist_gradient_boosting_log,history,685986.8133
recovery_period,development,2025-01-01,2022-07-01,2024-12-01,30,912811,ridge_log,history_fx,1553578.941
recovery_period,development,2025-01-01,2022-07-01,2024-12-01,30,912811,random_forest_log,history_fx,1159127.821
recovery_period,development,2025-01-01,2022-07-01,2024-12-01,30,912811,hist_gradient_boosting_log,history_fx,685986.8133
recovery_period,development,2025-01-01,2022-07-01,2024-12-01,30,912811,ridge_log,history_interest,1222956.487
recovery_period,development,2025-01-01,2022-07-01,2024-12-01,30,912811,random_forest_log,history_interest,1164672.784
recovery_period,development,2025-01-01,2022-07-01,2024-12-01,30,912811,hist_gradient_boosting_log,history_interest,685986.8133
recovery_period,development,2025-01-01,2022-07-01,2024-12-01,30,912811,ridge_log,all_signals,1427601.99
recovery_period,development,2025-01-01,2022-07-01,2024-12-01,30,912811,random_forest_log,all_signals,1148993.689
recovery_period,development,2025-01-01,2022-07-01,2024-12-01,30,912811,hist_gradient_boosting_log,all_signals,685986.8133
recovery_period,holdout,2025-02-01,2022-07-01,2025-01-01,31,833733,last_month,benchmark,912811
recovery_period,holdout,2025-02-01,2022-07-01,2025-01-01,31,833733,seasonal_naive,benchmark,773941
recovery_period,holdout,2025-02-01,2022-07-01,2025-01-01,31,833733,ridge_log,history,1081014.976
recovery_period,holdout,2025-02-01,2022-07-01,2025-01-01,31,833733,random_forest_log,history,1071080.618
recovery_period,holdout,2025-02-01,2022-07-01,2025-01-01,31,833733,hist_gradient_boosting_log,history,692337.5199
recovery_period,holdout,2025-02-01,2022-07-01,2025-01-01,31,833733,ridge_log,history_fx,1405065.565
recovery_period,holdout,2025-02-01,2022-07-01,2025-01-01,31,833733,random_forest_log,history_fx,1044747.057
recovery_period,holdout,2025-02-01,2022-07-01,2025-01-01,31,833733,hist_gradient_boosting_log,history_fx,692337.5199
recovery_period,holdout,2025-02-01,2022-07-01,2025-01-01,31,833733,ridge_log,history_interest,914582.2744
recovery_period,holdout,2025-02-01,2022-07-01,2025-01-01,31,833733,random_forest_log,history_interest,1062877.412
recovery_period,holdout,2025-02-01,2022-07-01,2025-01-01,31,833733,hist_gradient_boosting_log,history_interest,692337.5199
recovery_period,holdout,2025-02-01,2022-07-01,2025-01-01,31,833733,ridge_log,all_signals,1228789.365
recovery_period,holdout,2025-02-01,2022-07-01,2025-01-01,31,833733,random_forest_log,all_signals,1034630.504
recovery_period,holdout,2025-02-01,2022-07-01,2025-01-01,31,833733,hist_gradient_boosting_log,all_signals,692337.5199
recovery_period,holdout,2025-03-01,2022-07-01,2025-02-01,32,1327123,last_month,benchmark,833733
recovery_period,holdout,2025-03-01,2022-07-01,2025-02-01,32,1327123,seasonal_naive,benchmark,1223899
recovery_period,holdout,2025-03-01,2022-07-01,2025-02-01,32,1327123,ridge_log,history,1010415.846
recovery_period,holdout,2025-03-01,2022-07-01,2025-02-01,32,1327123,random_forest_log,history,996501.3738
recovery_period,holdout,2025-03-01,2022-07-01,2025-02-01,32,1327123,hist_gradient_boosting_log,history,696369.9603
recovery_period,holdout,2025-03-01,2022-07-01,2025-02-01,32,1327123,ridge_log,history_fx,1166129.477
recovery_period,holdout,2025-03-01,2022-07-01,2025-02-01,32,1327123,random_forest_log,history_fx,915200.1654
recovery_period,holdout,2025-03-01,2022-07-01,2025-02-01,32,1327123,hist_gradient_boosting_log,history_fx,696369.9603
recovery_period,holdout,2025-03-01,2022-07-01,2025-02-01,32,1327123,ridge_log,history_interest,1119274.866
recovery_period,holdout,2025-03-01,2022-07-01,2025-02-01,32,1327123,random_forest_log,history_interest,987685.4548
recovery_period,holdout,2025-03-01,2022-07-01,2025-02-01,32,1327123,hist_gradient_boosting_log,history_interest,696369.9603
recovery_period,holdout,2025-03-01,2022-07-01,2025-02-01,32,1327123,ridge_log,all_signals,1321311.892
recovery_period,holdout,2025-03-01,2022-07-01,2025-02-01,32,1327123,random_forest_log,all_signals,960446.4883
recovery_period,holdout,2025-03-01,2022-07-01,2025-02-01,32,1327123,hist_gradient_boosting_log,all_signals,696369.9603
recovery_period,holdout,2025-04-01,2022-07-01,2025-03-01,33,1450274,last_month,benchmark,1327123
recovery_period,holdout,2025-04-01,2022-07-01,2025-03-01,33,1450274,seasonal_naive,benchmark,1233368
recovery_period,holdout,2025-04-01,2022-07-01,2025-03-01,33,1450274,ridge_log,history,1345892.221
recovery_period,holdout,2025-04-01,2022-07-01,2025-03-01,33,1450274,random_forest_log,history,1247177.056
recovery_period,holdout,2025-04-01,2022-07-01,2025-03-01,33,1450274,hist_gradient_boosting_log,history,710112.3012
recovery_period,holdout,2025-04-01,2022-07-01,2025-03-01,33,1450274,ridge_log,history_fx,1522353.904
recovery_period,holdout,2025-04-01,2022-07-01,2025-03-01,33,1450274,random_forest_log,history_fx,1121285.212
recovery_period,holdout,2025-04-01,2022-07-01,2025-03-01,33,1450274,hist_gradient_boosting_log,history_fx,710112.3012
recovery_period,holdout,2025-04-01,2022-07-01,2025-03-01,33,1450274,ridge_log,history_interest,1356845.859
recovery_period,holdout,2025-04-01,2022-07-01,2025-03-01,33,1450274,random_forest_log,history_interest,1171162.995
recovery_period,holdout,2025-04-01,2022-07-01,2025-03-01,33,1450274,hist_gradient_boosting_log,history_interest,710112.3012
recovery_period,holdout,2025-04-01,2022-07-01,2025-03-01,33,1450274,ridge_log,all_signals,1457575.631
recovery_period,holdout,2025-04-01,2022-07-01,2025-03-01,33,1450274,random_forest_log,all_signals,1124278.423
recovery_period,holdout,2025-04-01,2022-07-01,2025-03-01,33,1450274,hist_gradient_boosting_log,all_signals,710112.3012
recovery_period,holdout,2025-05-01,2022-07-01,2025-04-01,34,1353687,last_month,benchmark,1450274
recovery_period,holdout,2025-05-01,2022-07-01,2025-04-01,34,1353687,seasonal_naive,benchmark,1175823
recovery_period,holdout,2025-05-01,2022-07-01,2025-04-01,34,1353687,ridge_log,history,1618270.226
recovery_period,holdout,2025-05-01,2022-07-01,2025-04-01,34,1353687,random_forest_log,history,1311793.367
recovery_period,holdout,2025-05-01,2022-07-01,2025-04-01,34,1353687,hist_gradient_boosting_log,history,725184.1527
recovery_period,holdout,2025-05-01,2022-07-01,2025-04-01,34,1353687,ridge_log,history_fx,1573507.151
recovery_period,holdout,2025-05-01,2022-07-01,2025-04-01,34,1353687,random_forest_log,history_fx,1299423.867
recovery_period,holdout,2025-05-01,2022-07-01,2025-04-01,34,1353687,hist_gradient_boosting_log,history_fx,725184.1527
recovery_period,holdout,2025-05-01,2022-07-01,2025-04-01,34,1353687,ridge_log,history_interest,1189522.586
recovery_period,holdout,2025-05-01,2022-07-01,2025-04-01,34,1353687,random_forest_log,history_interest,1216285.238
recovery_period,holdout,2025-05-01,2022-07-01,2025-04-01,34,1353687,hist_gradient_boosting_log,history_interest,725184.1527
recovery_period,holdout,2025-05-01,2022-07-01,2025-04-01,34,1353687,ridge_log,all_signals,1203967.686
recovery_period,holdout,2025-05-01,2022-07-01,2025-04-01,34,1353687,random_forest_log,all_signals,1199902.757
recovery_period,holdout,2025-05-01,2022-07-01,2025-04-01,34,1353687,hist_gradient_boosting_log,all_signals,725184.1527
recovery_period,holdout,2025-06-01,2022-07-01,2025-05-01,35,1370788,last_month,benchmark,1353687
recovery_period,holdout,2025-06-01,2022-07-01,2025-05-01,35,1370788,seasonal_naive,benchmark,1191056
recovery_period,holdout,2025-06-01,2022-07-01,2025-05-01,35,1370788,ridge_log,history,1737295.539
recovery_period,holdout,2025-06-01,2022-07-01,2025-05-01,35,1370788,random_forest_log,history,1324601.759
recovery_period,holdout,2025-06-01,2022-07-01,2025-05-01,35,1370788,hist_gradient_boosting_log,history,738232.5046
recovery_period,holdout,2025-06-01,2022-07-01,2025-05-01,35,1370788,ridge_log,history_fx,1561280.466
recovery_period,holdout,2025-06-01,2022-07-01,2025-05-01,35,1370788,random_forest_log,history_fx,1315246.345
recovery_period,holdout,2025-06-01,2022-07-01,2025-05-01,35,1370788,hist_gradient_boosting_log,history_fx,738232.5046
recovery_period,holdout,2025-06-01,2022-07-01,2025-05-01,35,1370788,ridge_log,history_interest,1192210.189
recovery_period,holdout,2025-06-01,2022-07-01,2025-05-01,35,1370788,random_forest_log,history_interest,1224076.753
recovery_period,holdout,2025-06-01,2022-07-01,2025-05-01,35,1370788,hist_gradient_boosting_log,history_interest,738232.5046
recovery_period,holdout,2025-06-01,2022-07-01,2025-05-01,35,1370788,ridge_log,all_signals,1202971.46
recovery_period,holdout,2025-06-01,2022-07-01,2025-05-01,35,1370788,random_forest_log,all_signals,1229097.43
recovery_period,holdout,2025-06-01,2022-07-01,2025-05-01,35,1370788,hist_gradient_boosting_log,all_signals,738232.5046
recovery_period,holdout,2025-07-01,2022-07-01,2025-06-01,36,1484970,last_month,benchmark,1370788
recovery_period,holdout,2025-07-01,2022-07-01,2025-06-01,36,1484970,seasonal_naive,benchmark,1183145
recovery_period,holdout,2025-07-01,2022-07-01,2025-06-01,36,1484970,ridge_log,history,1621673
recovery_period,holdout,2025-07-01,2022-07-01,2025-06-01,36,1484970,random_forest_log,history,1358715.25
recovery_period,holdout,2025-07-01,2022-07-01,2025-06-01,36,1484970,hist_gradient_boosting_log,history,751033.3064
recovery_period,holdout,2025-07-01,2022-07-01,2025-06-01,36,1484970,ridge_log,history_fx,1407467.308
recovery_period,holdout,2025-07-01,2022-07-01,2025-06-01,36,1484970,random_forest_log,history_fx,1355080.813
recovery_period,holdout,2025-07-01,2022-07-01,2025-06-01,36,1484970,hist_gradient_boosting_log,history_fx,751033.3064
recovery_period,holdout,2025-07-01,2022-07-01,2025-06-01,36,1484970,ridge_log,history_interest,1144893.31
recovery_period,holdout,2025-07-01,2022-07-01,2025-06-01,36,1484970,random_forest_log,history_interest,1212368.352
recovery_period,holdout,2025-07-01,2022-07-01,2025-06-01,36,1484970,hist_gradient_boosting_log,history_interest,751033.3064
recovery_period,holdout,2025-07-01,2022-07-01,2025-06-01,36,1484970,ridge_log,all_signals,1130688.909
recovery_period,holdout,2025-07-01,2022-07-01,2025-06-01,36,1484970,random_forest_log,all_signals,1209961.604
recovery_period,holdout,2025-07-01,2022-07-01,2025-06-01,36,1484970,hist_gradient_boosting_log,all_signals,751033.3064
recovery_period,holdout,2025-08-01,2022-07-01,2025-07-01,37,1480051,last_month,benchmark,1484970
recovery_period,holdout,2025-08-01,2022-07-01,2025-07-01,37,1480051,seasonal_naive,benchmark,1245119
recovery_period,holdout,2025-08-01,2022-07-01,2025-07-01,37,1480051,ridge_log,history,1587658.739
recovery_period,holdout,2025-08-01,2022-07-01,2025-07-01,37,1480051,random_forest_log,history,1406218.658
recovery_period,holdout,2025-08-01,2022-07-01,2025-07-01,37,1480051,hist_gradient_boosting_log,history,764998.8473
recovery_period,holdout,2025-08-01,2022-07-01,2025-07-01,37,1480051,ridge_log,history_fx,1263470.893
recovery_period,holdout,2025-08-01,2022-07-01,2025-07-01,37,1480051,random_forest_log,history_fx,1358566.962
recovery_period,holdout,2025-08-01,2022-07-01,2025-07-01,37,1480051,hist_gradient_boosting_log,history_fx,764998.8473
recovery_period,holdout,2025-08-01,2022-07-01,2025-07-01,37,1480051,ridge_log,history_interest,1334865.118
recovery_period,holdout,2025-08-01,2022-07-01,2025-07-01,37,1480051,random_forest_log,history_interest,1310282.172
recovery_period,holdout,2025-08-01,2022-07-01,2025-07-01,37,1480051,hist_gradient_boosting_log,history_interest,764998.8473
recovery_period,holdout,2025-08-01,2022-07-01,2025-07-01,37,1480051,ridge_log,all_signals,1343440.578
recovery_period,holdout,2025-08-01,2022-07-01,2025-07-01,37,1480051,random_forest_log,all_signals,1349660.73
recovery_period,holdout,2025-08-01,2022-07-01,2025-07-01,37,1480051,hist_gradient_boosting_log,all_signals,764998.8473
recovery_period,holdout,2025-09-01,2022-07-01,2025-08-01,38,1432891,last_month,benchmark,1480051
recovery_period,holdout,2025-09-01,2022-07-01,2025-08-01,38,1432891,seasonal_naive,benchmark,1186832
recovery_period,holdout,2025-09-01,2022-07-01,2025-08-01,38,1432891,ridge_log,history,1562171
recovery_period,holdout,2025-09-01,2022-07-01,2025-08-01,38,1432891,random_forest_log,history,1426715.465
recovery_period,holdout,2025-09-01,2022-07-01,2025-08-01,38,1432891,hist_gradient_boosting_log,history,778400.8598
recovery_period,holdout,2025-09-01,2022-07-01,2025-08-01,38,1432891,ridge_log,history_fx,1225205.19
recovery_period,holdout,2025-09-01,2022-07-01,2025-08-01,38,1432891,random_forest_log,history_fx,1312906.785
recovery_period,holdout,2025-09-01,2022-07-01,2025-08-01,38,1432891,hist_gradient_boosting_log,history_fx,778400.8598
recovery_period,holdout,2025-09-01,2022-07-01,2025-08-01,38,1432891,ridge_log,history_interest,4167454.035
recovery_period,holdout,2025-09-01,2022-07-01,2025-08-01,38,1432891,random_forest_log,history_interest,1342565.665
recovery_period,holdout,2025-09-01,2022-07-01,2025-08-01,38,1432891,hist_gradient_boosting_log,history_interest,778400.8598
recovery_period,holdout,2025-09-01,2022-07-01,2025-08-01,38,1432891,ridge_log,all_signals,4117466.998
recovery_period,holdout,2025-09-01,2022-07-01,2025-08-01,38,1432891,random_forest_log,all_signals,1333586.2
recovery_period,holdout,2025-09-01,2022-07-01,2025-08-01,38,1432891,hist_gradient_boosting_log,all_signals,778400.8598
